frame,wrist_x,wrist_y,wrist_z,wrist_visibility,elbow_x,elbow_y,elbow_z,elbow_visibility,shoulder_x,shoulder_y,shoulder_z,shoulder_visibility,hip_x,hip_y,hip_z,hip_visibility,wrist_x_smooth,wrist_y_smooth,wrist_z_smooth,elbow_x_smooth,elbow_y_smooth,elbow_z_smooth,shoulder_x_smooth,shoulder_y_smooth,shoulder_z_smooth,hip_x_smooth,hip_y_smooth,hip_z_smooth,backswing_start_idx,backswing_top_idx,impact_idx,hand_path_steepness,hand_path_label,has_3d_data,elbow_angle_impact,arm_extension_label,max_wrist_speed,max_speed_frame,speed_timing,speed_timing_score,max_speed_frames_from_impact,tempo_ratio,backswing_frames,downswing_frames,finish_idx,follow_through_frames,overall_score,overall_rating
0,0.32830482721328735,0.05106986314058304,0.030625922605395317,0.7552807331085205,0.28275471925735474,-0.16858237981796265,0.014945270493626595,0.7304122447967529,0.26228874921798706,-0.3755435347557068,-0.032343365252017975,0.9999865293502808,0.03448561578989029,-0.004945534281432629,0.1052534356713295,0.9999605417251587,0.330995328369595,0.058730922284580454,0.031401472742713654,0.28452069560686766,-0.16235655262356724,0.015103066118345387,0.26481612097649365,-0.3694485681397577,-0.0318108844969954,0.03463705824244592,-0.004781132918738187,0.10552719306378146,113,157,173,2.7433787346299323,Steep (good for irons),True,146.87756241957285,Good (slight bend is normal),0.0938149398927193,170,Good (max speed near impact),85,-3,2.75,44,16,219,46,78,Good
1,0.3359462320804596,0.07312949001789093,0.03286131098866463,0.747011125087738,0.28778165578842163,-0.15009793639183044,0.014824256300926208,0.7224134802818298,0.269682377576828,-0.3582325279712677,-0.03245802968740463,0.9999862313270569,0.03473799675703049,-0.004526008386164904,0.10603272914886475,0.9999597072601318,0.3341826541083202,0.07295089073124392,0.027957151355665375,0.2861631200427103,-0.1512111354441871,0.00873277088006338,0.26695037030038404,-0.359643774373191,-0.0358949314270701,0.034911511377209735,-0.004644448780232955,0.10589322057508294,113,157,173,2.7433787346299323,Steep (good for irons),True,146.87756241957285,Good (slight bend is normal),0.0938149398927193,170,Good (max speed near impact),85,-3,2.75,44,16,219,46,78,Good
2,0.33935949206352234,0.09531176090240479,0.0161894578486681,0.7342588901519775,0.2895176112651825,-0.13498854637145996,-0.008197401650249958,0.7205164432525635,0.2706046402454376,-0.3443215489387512,-0.04940131679177284,0.999985933303833,0.03599964454770088,-0.004322484135627747,0.10632970929145813,0.99996018409729,0.338004012902578,0.08967024123384845,0.017367478371376095,0.28896394088154764,-0.13848801950613668,-0.0068919753123607005,0.2702809316771373,-0.3482523773397721,-0.0509199906317961,0.035662516951561,-0.004440803125145892,0.10617549327157802,113,157,173,2.7433787346299323,Steep (good for irons),True,146.87756241957285,Good (slight bend is normal),0.0938149398927193,170,Good (max speed near impact),85,-3,2.75,44,16,219,46,78,Good
3,0.33956077694892883,0.1031704694032669,0.0075341141782701015,0.7409750819206238,0.28943711519241333,-0.12810948491096497,-0.02178863435983658,0.7272759675979614,0.2704060673713684,-0.34077468514442444,-0.06386533379554749,0.9999863505363464,0.035923656076192856,-0.004478595685213804,0.10633127391338348,0.999960720539093,0.34127025377182757,0.1036718909939131,0.005582797451920457,0.291543218351546,-0.12825134183679315,-0.02295475870016077,0.2730676049277898,-0.3397473778043477,-0.06762439260880157,0.036436495504209,-0.004260361438528416,0.10631620387236285,113,157,173,2.7433787346299323,Steep (good for irons),True,146.87756241957285,Good (slight bend is normal),0.0938149398927193,170,Good (max speed near impact),85,-3,2.75,44,16,219,46,78,Good
4,0.34338048100471497,0.10940437018871307,-0.01147522684186697,0.7381750345230103,0.29487305879592896,-0.12479405105113983,-0.04477590695023537,0.7248963117599487,0.27634307742118835,-0.3360832631587982,-0.09391005337238312,0.9999863505363464,0.037596192210912704,-0.004069033078849316,0.10610879957675934,0.9999598860740662,0.34285462328365895,0.10959458244698396,-0.00490213243202085,0.2931728462378186,-0.12460888780298696,-0.03626309614628556,0.27402782724017205,-0.33682917839004906,-0.08174148574471479,0.03701663123709817,-0.0041894148369985,0.10622041140283864,113,157,173,2.7433787346299323,Steep (good for irons),True,146.87756241957285,Good (slight bend is normal),0.0938149398927193,170,Good (max speed near impact),85,-3,2.75,44,16,219,46,78,Good
5,0.34446024894714355,0.11059499531984329,-0.006409023888409138,0.7435914278030396,0.29453352093696594,-0.12444023787975311,-0.036909524351358414,0.729715883731842,0.2750907838344574,-0.33739376068115234,-0.08425156027078629,0.9999866485595703,0.03716438263654709,-0.004090390633791685,0.10619322955608368,0.9999592304229736,0.3443419039249423,0.11091229106698725,-0.00888432349477496,0.29475698016938734,-0.12399704541478847,-0.04145762670253007,0.2750474058446432,-0.33591146980013187,-0.08760863471598859,0.03726826448525704,-0.004120047869426866,0.10618126321406599,113,157,173,2.7433787346299323,Steep (good for irons),True,146.87756241957285,Good (slight bend is normal),0.0938149398927193,170,Good (max speed near impact),85,-3,2.75,44,16,219,46,78,Good
6,0.3456498682498932,0.11120704561471939,-0.009054772555828094,0.736063539981842,0.29571616649627686,-0.12431678175926208,-0.04222835227847099,0.7283435463905334,0.2749255299568176,-0.33447426557540894,-0.08612767606973648,0.9999865889549255,0.03730505704879761,-0.004094905685633421,0.10624034702777863,0.9999592304229736,0.34547528482618806,0.11104419366234833,-0.009665038724917748,0.29568296103250435,-0.12437558883712413,-0.04310763609551251,0.27543875716981453,-0.334971355540412,-0.08861287754206437,0.03744067641950792,-0.004051906211922569,0.1062738327752977,113,157,173,2.7433787346299323,Steep (good for irons),True,146.87756241957285,Good (slight bend is normal),0.0938149398927193,170,Good (max speed near impact),85,-3,2.75,44,16,219,46,78,Good
7,0.3454890251159668,0.11011729389429092,-0.007474915590137243,0.7308782339096069,0.29572173953056335,-0.12489508092403412,-0.04251052811741829,0.7301496267318726,0.2750120162963867,-0.33405157923698425,-0.08558572828769684,0.9999868869781494,0.03739521652460098,-0.004059795290231705,0.10646234452724457,0.9999602437019348,0.3455635805924736,0.10958314687013634,-0.007265037613078247,0.2957984464509149,-0.12525568583181934,-0.041803974835645616,0.2754357286861967,-0.33426456366266544,-0.08653629535720468,0.03740082574742183,-0.004065103296722688,0.10645910033157902,113,157,173,2.7433787346299323,Steep (good for irons),True,146.87756241957285,Good (slight bend is normal),0.0938149398927193,170,Good (max speed near impact),85,-3,2.75,44,16,219,46,78,Good
8,0.34532713890075684,0.10895755887031555,-0.006836845073848963,0.7213017344474792,0.2959073781967163,-0.1254226565361023,-0.043142374604940414,0.7243088483810425,0.2761482894420624,-0.33339816331863403,-0.08987826108932495,0.9999868869781494,0.03744097426533699,-0.004032783210277557,0.10668119788169861,0.9999611973762512,0.345409813381377,0.10936994637761804,-0.006744492089464556,0.2962932842118402,-0.12484680790276764,-0.04247941999208363,0.27646582183383783,-0.3327432388351079,-0.08852109667800728,0.03750693957720486,-0.004001102543302947,0.10664663925057374,113,157,173,2.7433787346299323,Steep (good for irons),True,146.87756241957285,Good (slight bend is normal),0.0938149398927193,170,Good (max speed near impact),85,-3,2.75,44,16,219,46,78,Good
9,0.34563252329826355,0.10976991802453995,-0.0068628378212451935,0.7202228903770447,0.2978348135948181,-0.12438658624887466,-0.04351799935102463,0.7259318828582764,0.2787717878818512,-0.33124417066574097,-0.09234065562486649,0.9999871253967285,0.037751488387584686,-0.003911841195076704,0.10678641498088837,0.9999622106552124,0.34557689513478984,0.11212402014505303,-0.0062539587019100115,0.29724837059066433,-0.12319106182881773,-0.042979472095058105,0.2773253818353019,-0.33152178639457364,-0.09055277776150483,0.03741931915283206,-0.00393767374390293,0.10682965247404015,113,157,173,2.7433787346299323,Steep (good for irons),True,146.87756241957285,Good (slight bend is normal),0.0938149398927193,170,Good (max speed near impact),85,-3,2.75,44,16,219,46,78,Good
10,0.3454836905002594,0.11642429977655411,-0.005986728239804506,0.6849015951156616,0.2976924777030945,-0.11961258202791214,-0.04182267189025879,0.7042701840400696,0.2781391441822052,-0.3298935294151306,-0.08991502970457077,0.9999862909317017,0.03719029575586319,-0.0038430802524089813,0.10692295432090759,0.9999616742134094,0.34616205947739764,0.11643290661630185,-0.008465337079195756,0.29873030526297456,-0.12046791435707192,-0.04603286016555063,0.27887997740790976,-0.3297269613969896,-0.09397515406211224,0.03740527675974939,-0.003861701437493878,0.10688768894899467,113,157,173,2.7433787346299323,Steep (good for irons),True,146.87756241957285,Good (slight bend is normal),0.0938149398927193,170,Good (max speed near impact),85,-3,2.75,44,16,219,46,78,Good
11,0.3474466800689697,0.12348067760467529,-0.012278278358280659,0.6654390096664429,0.3008454442024231,-0.11738662421703339,-0.052216995507478714,0.6947314143180847,0.2794855237007141,-0.3281347453594208,-0.09869404882192612,0.9999861717224121,0.037239305675029755,-0.0038346622604876757,0.10689248144626617,0.9999620914459229,0.34681681933857167,0.12052228940384738,-0.011199394462718858,0.3000917959780922,-0.11780322023800449,-0.04941017375815486,0.2805976654802052,-0.32821588289170067,-0.09677576663948248,0.03742224669882232,-0.0037909674657774853,0.10686709696338298,113,157,173,2.7433787346299323,Steep (good for irons),True,146.87756241957285,Good (slight bend is normal),0.0938149398927193,170,Good (max speed near impact),85,-3,2.75,44,16,219,46,78,Good
12,0.3473426103591919,0.1222279891371727,-0.017399104312062263,0.6582400798797607,0.30124813318252563,-0.11605839431285858,-0.0557866133749485,0.6948003768920898,0.2834678292274475,-0.3270561397075653,-0.1020599901676178,0.9999862909317017,0.03776789456605911,-0.0037202409002929926,0.10664544999599457,0.9999637007713318,0.34723897491182626,0.12266001211745406,-0.016167834024166786,0.30098982935860064,-0.11627181371053068,-0.05447100830220045,0.28240056406883984,-0.32746722442763215,-0.10111158021858768,0.037563016017278066,-0.0037508239592647296,0.10665818019991838,113,157,173,2.7433787346299323,Steep (good for irons),True,146.87756241957285,Good (slight bend is normal),0.0938149398927193,170,Good (max speed near impact),85,-3,2.75,44,16,219,46,78,Good
13,0.3472445011138916,0.12135234475135803,-0.01836986653506756,0.6557620763778687,0.3013077676296234,-0.11637706309556961,-0.05612225830554962,0.694985032081604,0.2844313383102417,-0.3272608816623688,-0.10338924825191498,0.9999863505363464,0.037801098078489304,-0.0037121670320630074,0.10647392272949219,0.9999648928642273,0.34737523680641563,0.12205897945733307,-0.01996120100929625,0.30163825693584645,-0.1161938001002585,-0.058135378218832516,0.2843545107614428,-0.3271410678114212,-0.10464204315628331,0.03787910246423316,-0.003709886943744055,0.10638952610038585,113,157,173,2.7433787346299323,Steep (good for irons),True,146.87756241957285,Good (slight bend is normal),0.0938149398927193,170,Good (max speed near impact),85,-3,2.75,44,16,219,46,78,Good
14,0.3469540774822235,0.12038103491067886,-0.026550041511654854,0.6560176610946655,0.30162352323532104,-0.11665511876344681,-0.06309852749109268,0.698147177696228,0.2854011654853821,-0.32741326093673706,-0.10892527550458908,0.9999865293502808,0.038166455924510956,-0.003709352109581232,0.10593368858098984,0.9999659657478333,0.34696072056179983,0.12044821466718411,-0.02436759438188305,0.3014633683931262,-0.1164148056081364,-0.06120112059371816,0.2853283200945175,-0.32721592698778446,-0.10718145221471795,0.038047760192837066,-0.0036986056560029614,0.10608892071814771,113,157,173,2.7433787346299323,Steep (good for irons),True,146.87756241957285,Good (slight bend is normal),0.0938149398927193,170,Good (max speed near impact),85,-3,2.75,44,16,219,46,78,Good
15,0.34678757190704346,0.1198049858212471,-0.02502135932445526,0.6494340300559998,0.30157408118247986,-0.1166563630104065,-0.062189120799303055,0.6990408301353455,0.285220742225647,-0.3271935284137726,-0.10770806670188904,0.9999867677688599,0.03818081319332123,-0.003694486804306507,0.10594594478607178,0.9999671578407288,0.3467998419489182,0.11985273410876601,-0.02875750981980848,0.3016753225099475,-0.11674083556447719,-0.06535791694408376,0.28537142560595574,-0.3271997471650444,-0.1105325910307113,0.038204104417846343,-0.0037250348167227874,0.10585646366789236,113,157,173,2.7433787346299323,Steep (good for irons),True,146.87756241957285,Good (slight bend is normal),0.0938149398927193,170,Good (max speed near impact),85,-3,2.75,44,16,219,46,78,Good
16,0.34667351841926575,0.11944518983364105,-0.036512088030576706,0.6490810513496399,0.30192726850509644,-0.11687725782394409,-0.07244835793972015,0.7023637890815735,0.28531455993652344,-0.3269389569759369,-0.11576485633850098,0.9999869465827942,0.03831620141863823,-0.0037781940773129463,0.10564080625772476,0.9999686479568481,0.3467480795724054,0.11938919126987466,-0.03344629039721832,0.3021270916575479,-0.11687107135852186,-0.07019663424718953,0.28547888284637835,-0.3268516773269292,-0.11428209819964008,0.038510226777621705,-0.0037510010435999885,0.10568415302605863,113,157,173,2.7433787346299323,Steep (good for irons),True,146.87756241957285,Good (slight bend is normal),0.0938149398927193,170,Good (max speed near impact),85,-3,2.75,44,16,219,46,78,Good
17,0.34692543745040894,0.11912845075130463,-0.03582759201526642,0.6502383947372437,0.3028801679611206,-0.11705458909273148,-0.07330267876386642,0.7058177590370178,0.28560101985931396,-0.3264003098011017,-0.1171683818101883,0.9999873042106628,0.03891368582844734,-0.003780324710533023,0.10563074797391891,0.9999697208404541,0.3469071544352035,0.11910606424013782,-0.03638861647674019,0.30281524573053653,-0.11699139220373979,-0.07352388242170929,0.2855130959124794,-0.3264549261047729,-0.11694341401259113,0.038825320700804425,-0.0037755556626334103,0.10562143261943552,113,157,173,2.7433787346299323,Steep (good for irons),True,146.87756241957285,Good (slight bend is normal),0.0938149398927193,170,Good (max speed near impact),85,-3,2.75,44,16,219,46,78,Good
18,0.3471532464027405,0.11883562058210373,-0.03870437666773796,0.652040421962738,0.3036045432090759,-0.1172047108411789,-0.07639524340629578,0.7103071808815002,0.2856005132198334,-0.3260723054409027,-0.11923287808895111,0.9999876022338867,0.03924200311303139,-0.0037989735137671232,0.10555297881364822,0.9999707341194153,0.3471649161406928,0.1188972791035971,-0.038457523499216384,0.3035337158611845,-0.11727291097243635,-0.07587129196950373,0.28558918549900986,-0.32619525988896714,-0.11882642479169944,0.03914945732269971,-0.0037940999249085105,0.10555453882330948,113,157,173,2.7433787346299323,Steep (good for irons),True,146.87756241957285,Good (slight bend is normal),0.0938149398927193,170,Good (max speed near impact),85,-3,2.75,44,16,219,46,78,Good
19,0.34755799174308777,0.11874460428953171,-0.03866487368941307,0.6515739560127258,0.30430805683135986,-0.11746969074010849,-0.07609838992357254,0.7134228348731995,0.2856091558933258,-0.3260927200317383,-0.1186922937631607,0.9999878406524658,0.039344411343336105,-0.0038129242602735758,0.10554537177085876,0.9999716877937317,0.3474679773762115,0.11872339603446788,-0.03850797776665009,0.30411638674281916,-0.117567240482285,-0.0761351177380199,0.28553437477066423,-0.32607215784844923,-0.11875839034716297,0.03934543331464135,-0.0038292036569189487,0.10555687050024676,113,157,173,2.7433787346299323,Steep (good for irons),True,146.87756241957285,Good (slight bend is normal),0.0938149398927193,170,Good (max speed near impact),85,-3,2.75,44,16,219,46,78,Good
20,0.3477584719657898,0.11862168461084366,-0.03794480115175247,0.6514651775360107,0.30431562662124634,-0.11806131154298782,-0.07542215287685394,0.7168300747871399,0.2853049635887146,-0.326174259185791,-0.11785195767879486,0.9999880790710449,0.03932802751660347,-0.0038710692897439003,0.10556721687316895,0.9999727606773376,0.34780445411091787,0.11857641133524131,-0.03955469103086565,0.30450572712080837,-0.11790355685211372,-0.07681187951848625,0.28538876346179437,-0.3261090233212428,-0.11891859556947444,0.03936050069474042,-0.003895085626503544,0.10554006092605145,113,157,173,2.7433787346299323,Steep (good for irons),True,146.87756241957285,Good (slight bend is normal),0.0938149398927193,170,Good (max speed near impact),85,-3,2.75,44,16,219,46,78,Good
21,0.3481154441833496,0.11841773241758347,-0.04180269315838814,0.6500585675239563,0.30486682057380676,-0.11817525327205658,-0.07855463773012161,0.7182264924049377,0.28525441884994507,-0.32615822553634644,-0.11993679404258728,0.9999881982803345,0.039337530732154846,-0.004017513245344162,0.10550721734762192,0.9999735951423645,0.3481097647121977,0.1187282587800708,-0.04209872122321813,0.3049176661741168,-0.11821234900326966,-0.07943309169440049,0.2854473150911787,-0.32594383188656423,-0.12093213484400804,0.03945059080918633,-0.003992585675968304,0.10550405759186979,113,157,173,2.7433787346299323,Steep (good for irons),True,146.87756241957285,Good (slight bend is normal),0.0938149398927193,170,Good (max speed near impact),85,-3,2.75,44,16,219,46,78,Good
22,0.3486621677875519,0.11825645714998245,-0.040874164551496506,0.6531455516815186,0.30530986189842224,-0.11845346540212631,-0.0777154341340065,0.7213006019592285,0.285206139087677,-0.32620540261268616,-0.1196073442697525,0.999988317489624,0.03934910520911217,-0.004067287780344486,0.10548838973045349,0.9999743103981018,0.3485440171900252,0.11830119504815065,-0.04166189448109698,0.3053043002174016,-0.11845512155975622,-0.07842281726854194,0.28522055489676357,-0.3262001786913193,-0.12011449571166728,0.03937520281899546,-0.0040889159510178255,0.10546173261744643,113,157,173,2.7433787346299323,Steep (good for irons),True,146.87756241957285,Good (slight bend is normal),0.0938149398927193,170,Good (max speed near impact),85,-3,2.75,44,16,219,46,78,Good
23,0.3490258753299713,0.11812025308609009,-0.04242546856403351,0.6519215703010559,0.3058106303215027,-0.11859475076198578,-0.0792752206325531,0.721731960773468,0.2851850390434265,-0.32623425126075745,-0.12081581354141235,0.9999882578849792,0.039381641894578934,-0.004160723183304071,0.10540369153022766,0.9999748468399048,0.34929924209912644,0.11712367797181729,-0.0364732622457225,0.3057084055173967,-0.11858106440021887,-0.07186701414840568,0.2847481710570201,-0.3269543803873519,-0.11486765635865084,0.03907109300295515,-0.004126771619277344,0.10542136785529915,113,157,173,2.7433787346299323,Steep (good for irons),True,146.87756241957285,Good (slight bend is normal),0.0938149398927193,170,Good (max speed near impact),85,-3,2.75,44,16,219,46,78,Good
24,0.3502359986305237,0.11491143703460693,-0.02366088703274727,0.6472159028053284,0.3058483302593231,-0.11882000416517258,-0.056971702724695206,0.7176517248153687,0.2833177447319031,-0.3287006914615631,-0.10239855200052261,0.9999876022338867,0.0383286289870739,-0.0041157156229019165,0.1055200919508934,0.9999743103981018,0.3502845962842308,0.11537344469910585,-0.025754011796033472,0.30587363385018873,-0.11878680366845365,-0.05993579132925901,0.28356368059203757,-0.3283007428759623,-0.10458265174002881,0.0384428788508688,-0.0040988259549651854,0.1055303361444247,113,157,173,2.7433787346299323,Steep (good for irons),True,146.87756241957285,Good (slight bend is normal),0.0938149398927193,170,Good (max speed near impact),85,-3,2.75,44,16,219,46,78,Good
25,0.35146307945251465,0.11290408670902252,-0.012037827633321285,0.6377736330032349,0.30585959553718567,-0.11897064745426178,-0.04454640671610832,0.7107328772544861,0.28204894065856934,-0.330014169216156,-0.0913647934794426,0.9999867081642151,0.037580329924821854,-0.004003852140158415,0.10567948967218399,0.9999736547470093,0.35130269470668996,0.11324831275712885,-0.013742761891557001,0.30590427347591964,-0.11907979242858441,-0.0473609923252038,0.28186380437442254,-0.3299635208788374,-0.09322481034767068,0.03764075892312189,-0.004033514797421442,0.10578743474824095,113,157,173,2.7433787346299323,Steep (good for irons),True,146.87756241957285,Good (slight bend is normal),0.0938149398927193,170,Good (max speed near impact),85,-3,2.75,44,16,219,46,78,Good
26,0.352252334356308,0.1114869937300682,-0.0019410211825743318,0.6295258402824402,0.30564752221107483,-0.1194583997130394,-0.03615044802427292,0.7043282985687256,0.27951356768608093,-0.33160150051116943,-0.08186306804418564,0.9999861121177673,0.0366712361574173,-0.003941418137401342,0.106226846575737,0.9999735355377197,0.35212904356774855,0.1112784296274186,-0.002933488587760147,0.3056233241444545,-0.11947027629330054,-0.03665424262483917,0.2796687725044434,-0.33155841061047164,-0.08290318541583566,0.03676130374272667,-0.003939160123644843,0.1061504827368828,113,157,173,2.7433787346299323,Steep (good for irons),True,146.87756241957285,Good (slight bend is normal),0.0938149398927193,170,Good (max speed near impact),85,-3,2.75,44,16,219,46,78,Good
27,0.3525609076023102,0.11003932356834412,0.001794045208953321,0.622907817363739,0.30537593364715576,-0.11999731510877609,-0.03378421813249588,0.6996913552284241,0.27772054076194763,-0.3325920104980469,-0.07908773422241211,0.9999855756759644,0.03607887029647827,-0.003856603754684329,0.10656697303056717,0.9999733567237854,0.3524911843595053,0.1101163178682328,0.002357108690332446,0.3051660954952242,-0.11993266784009488,-0.03253107890486719,0.2775107636338191,-0.332552614666167,-0.07778127739826844,0.0359470904583023,-0.0038560117439677345,0.10652096853369766,113,157,173,2.7433787346299323,Steep (good for irons),True,146.87756241957285,Good (slight bend is normal),0.0938149398927193,170,Good (max speed near impact),85,-3,2.75,44,16,219,46,78,Good
28,0.3526254892349243,0.10923521965742111,0.0052879080176353455,0.6129816174507141,0.3044712543487549,-0.12032929062843323,-0.029862180352211,0.6920747756958008,0.2752475142478943,-0.33337318897247314,-0.07394910603761673,0.9999848008155823,0.035144444555044174,-0.0037916810251772404,0.10681857168674469,0.9999731779098511,0.35276628675914967,0.10926534058082679,0.005714669219395593,0.3046563012259349,-0.12035797039667773,-0.02983093323806924,0.2754349580832892,-0.33338840802510605,-0.07401435006232494,0.03509084915830978,-0.003788580386234184,0.10684151166961314,113,157,173,2.7433787346299323,Steep (good for irons),True,146.87756241957285,Good (slight bend is normal),0.0938149398927193,170,Good (max speed near impact),85,-3,2.75,44,16,219,46,78,Good
29,0.352866530418396,0.10871092975139618,0.00814270880073309,0.603792667388916,0.3040967583656311,-0.12069957703351974,-0.027624499052762985,0.6852083802223206,0.27374666929244995,-0.33393704891204834,-0.07110054790973663,0.999984085559845,0.03416120633482933,-0.0037155216559767723,0.107057586312294,0.9999726414680481,0.35309387246767704,0.10874359345152272,0.007777010506418141,0.3042075137297315,-0.12062475369090135,-0.027818466847141603,0.2737881867658526,-0.3339709880806153,-0.07112845813944231,0.03425282044779689,-0.003730543811495108,0.10706208362465822,113,157,173,2.7433787346299323,Steep (good for irons),True,146.87756241957285,Good (slight bend is normal),0.0938149398927193,170,Good (max speed near impact),85,-3,2.75,44,16,219,46,78,Good
30,0.35369762778282166,0.10859402269124985,0.009388386271893978,0.5987670421600342,0.30401429533958435,-0.12074599415063858,-0.02599097602069378,0.681551456451416,0.27281779050827026,-0.33441978693008423,-0.06883963942527771,0.9999836087226868,0.0335623137652874,-0.0036726323887705803,0.10723601281642914,0.9999722838401794,0.3534724286624366,0.10856429984172192,0.009729116811372701,0.30391442633810517,-0.12076275369950712,-0.02578300867407097,0.272765602384295,-0.33443353005817983,-0.06873727625324617,0.033550861690725624,-0.0036731693516707164,0.10724054631732767,113,157,173,2.7433787346299323,Steep (good for irons),True,146.87756241957285,Good (slight bend is normal),0.0938149398927193,170,Good (max speed near impact),85,-3,2.75,44,16,219,46,78,Good
31,0.3538873791694641,0.10850539058446884,0.011522788554430008,0.5925243496894836,0.30380943417549133,-0.12082044780254364,-0.024184713140130043,0.6775219440460205,0.2721489667892456,-0.3348328173160553,-0.06692530959844589,0.9999831318855286,0.03304186463356018,-0.003624389413744211,0.10741760581731796,0.9999721050262451,0.35383123017492774,0.10853687851201929,0.011604988947510728,0.3039173639955977,-0.12076944041819808,-0.024158926858078883,0.27250688416617275,-0.33469820306414677,-0.06788770357767746,0.033155588167054335,-0.003594647749282777,0.10738406259389158,113,157,173,2.7433787346299323,Steep (good for irons),True,146.87756241957285,Good (slight bend is normal),0.0938149398927193,170,Good (max speed near impact),85,-3,2.75,44,16,219,46,78,Good
32,0.35393664240837097,0.10849832743406296,0.012786025181412697,0.5839985013008118,0.30374693870544434,-0.12088270485401154,-0.022954262793064117,0.6682483553886414,0.2728239893913269,-0.3349989652633667,-0.06752584129571915,0.9999822378158569,0.033039748668670654,-0.003506627632305026,0.10746344923973083,0.9999712705612183,0.35401074517340914,0.1084534589733397,0.013152603946980986,0.3036863562606632,-0.1208964745913234,-0.02265482795025623,0.2725597818692527,-0.3350330435094382,-0.06678701334056406,0.03298838738174668,-0.0035107295760618815,0.10749512768927082,113,157,173,2.7433787346299323,Steep (good for irons),True,146.87756241957285,Good (slight bend is normal),0.0938149398927193,170,Good (max speed near impact),85,-3,2.75,44,16,219,46,78,Good
33,0.3540252149105072,0.10836388915777206,0.015016972087323666,0.575581431388855,0.30361849069595337,-0.1209828183054924,-0.021114908158779144,0.6603373289108276,0.27289706468582153,-0.335193008184433,-0.06639959663152695,0.9999814033508301,0.03299068287014961,-0.003396527608856559,0.10758194327354431,0.9999704957008362,0.3535907055650441,0.10808229233537409,0.01401214576548055,0.30300395545505365,-0.12129194431361706,-0.021721988118120615,0.2726335851919085,-0.3355274143673127,-0.06528978120713011,0.03292450805505119,-0.0034291343763470676,0.10756931241069528,113,157,173,2.7433787346299323,Steep (good for irons),True,146.87756241957285,Good (slight bend is normal),0.0938149398927193,170,Good (max speed near impact),85,-3,2.75,44,16,219,46,78,Good
34,0.35399284958839417,0.10778570175170898,0.014452223666012287,0.5736753940582275,0.30258601903915405,-0.12187284231185913,-0.021060410887002945,0.6606687903404236,0.27284252643585205,-0.33616188168525696,-0.06281524896621704,0.9999811053276062,0.03290242701768875,-0.0033557345159351826,0.10766807198524475,0.9999701976776123,0.35391524434089683,0.10786455692279914,0.014250654416779689,0.3027682247615998,-0.12172431818076551,-0.02137502078853904,0.2728650115785146,-0.3360132504077187,-0.06386104492204535,0.03292805985325861,-0.0033561459942055625,0.10764421451659437,113,157,173,2.7433787346299323,Steep (good for irons),True,146.87756241957285,Good (slight bend is normal),0.0938149398927193,170,Good (max speed near impact),85,-3,2.75,44,16,219,46,78,Good
35,0.3540723919868469,0.10744932293891907,0.01388623472303152,0.5733655095100403,0.3024950325489044,-0.12231495976448059,-0.021315671503543854,0.6623315215110779,0.2728881537914276,-0.3366623520851135,-0.06143330782651901,0.9999809265136719,0.03289460018277168,-0.003300315933302045,0.10772041976451874,0.999970018863678,0.35510550652231515,0.10789159685373315,0.013959883667883428,0.3034296617621469,-0.12207307489145378,-0.02169970258893003,0.27331260698182264,-0.33640026194708716,-0.06313212020766172,0.03291645876708487,-0.003289537726058849,0.10774740399349311,113,157,173,2.7433787346299323,Steep (good for irons),True,146.87756241957285,Good (slight bend is normal),0.0938149398927193,170,Good (max speed near impact),85,-3,2.75,44,16,219,46,78,Good
36,0.358416348695755,0.10859967768192291,0.015871766954660416,0.5731449127197266,0.3055644631385803,-0.12209820747375488,-0.020124925300478935,0.6635847687721252,0.27422451972961426,-0.3364431858062744,-0.0615774430334568,0.9999808669090271,0.032928965985774994,-0.0031834477558732033,0.10792461037635803,0.9999706745147705,0.3581322559288572,0.10841436613173719,0.016299432010522922,0.30537256314640976,-0.12219592077391497,-0.01937495251851424,0.27423919240633665,-0.3365456504481182,-0.060458929056213064,0.03293272817418691,-0.0031661889072330247,0.10792445249500737,113,157,173,2.7433787346299323,Steep (good for irons),True,146.87756241957285,Good (slight bend is normal),0.0938149398927193,170,Good (max speed near impact),85,-3,2.75,44,16,219,46,78,Good
37,0.36179983615875244,0.10925336182117462,0.019124431535601616,0.5709351301193237,0.30848294496536255,-0.12199386209249496,-0.01699952781200409,0.6630285978317261,0.2756456732749939,-0.33632394671440125,-0.059540729969739914,0.9999807476997375,0.03298092260956764,-0.0030067921616137028,0.108145572245121,0.999971330165863,0.36230095511391075,0.10928280580611464,0.021887072007216173,0.308337911253884,-0.12204295822552282,-0.014039743347980447,0.27539933295477026,-0.3364027852103826,-0.05593030864284156,0.03295126983097624,-0.002981776338336725,0.10820018216258012,113,157,173,2.7433787346299323,Steep (good for irons),True,146.87756241957285,Good (slight bend is normal),0.0938149398927193,170,Good (max speed near impact),85,-3,2.75,44,16,219,46,78,Good
38,0.3676740825176239,0.11029455065727234,0.03142109513282776,0.5675967931747437,0.31157782673835754,-0.1218305379152298,-0.004531372804194689,0.6594745516777039,0.27651742100715637,-0.33620715141296387,-0.04669203981757164,0.999980628490448,0.032920122146606445,-0.0027268584817647934,0.1085795983672142,0.9999720454216003,0.3667736791429068,0.11011271639948808,0.029387046449950785,0.31130786594890436,-0.121854586615449,-0.006837128683747285,0.27635666586103913,-0.33621115911574617,-0.049155055589619176,0.03290053989206044,-0.0027624759046981752,0.10854255940232965,113,157,173,2.7433787346299323,Steep (good for irons),True,146.87756241957285,Good (slight bend is normal),0.0938149398927193,170,Good (max speed near impact),85,-3,2.75,44,16,219,46,78,Good
39,0.37016040086746216,0.11061257123947144,0.03723215311765671,0.5622721314430237,0.31362491846084595,-0.12178527563810349,0.0007813975680619478,0.6551811695098877,0.27701863646507263,-0.3361412584781647,-0.041485745459795,0.9999803900718689,0.03282744437456131,-0.002545769792050123,0.10891692340373993,0.9999727010726929,0.3702328503131869,0.11059090140320015,0.03645123993711814,0.3136195625577657,-0.12175646672646215,-6.404178704889058e-05,0.27709494318280925,-0.3360736001105538,-0.04235453123138068,0.032823234619129296,-0.0025412561704537717,0.10889962386517305,113,157,173,2.7433787346299323,Steep (good for irons),True,146.87756241957285,Good (slight bend is normal),0.0938149398927193,170,Good (max speed near impact),85,-3,2.75,44,16,219,46,78,Good
40,0.37276703119277954,0.11090712994337082,0.04122519865632057,0.5540570020675659,0.3151630163192749,-0.12159120291471481,0.004209063481539488,0.6486271619796753,0.2773103415966034,-0.33589911460876465,-0.03749609366059303,0.9999799728393555,0.03267280012369156,-0.0023594337981194258,0.10920815914869308,0.9999731183052063,0.3727179595402312,0.11090387333007093,0.04112291087706887,0.31527100716318424,-0.12165564582461412,0.0041696943253988344,0.277649753150486,-0.335932737305051,-0.03788068979268985,0.032733388954684875,-0.002357189388324819,0.10923072518337348,113,157,173,2.7433787346299323,Steep (good for irons),True,146.87756241957285,Good (slight bend is normal),0.0938149398927193,170,Good (max speed near impact),85,-3,2.75,44,16,219,46,78,Good
41,0.37431904673576355,0.11125609278678894,0.042238812893629074,0.5516704320907593,0.31670957803726196,-0.12149029225111008,0.0047175344079732895,0.6471759080886841,0.27847304940223694,-0.3357545733451843,-0.03755047917366028,0.9999799132347107,0.03269790858030319,-0.002209699945524335,0.10949794203042984,0.9999737739562988,0.37421750738507253,0.1113553206835475,0.04213403058903561,0.3164079104151047,-0.12140940484546489,0.0047440591401287525,0.27806961678323316,-0.33579264935993036,-0.03700628379980726,0.03265619029601417,-0.0022328292197060034,0.10946988243432279,113,157,173,2.7433787346299323,Steep (good for irons),True,146.87756241957285,Good (slight bend is normal),0.0938149398927193,170,Good (max speed near impact),85,-3,2.75,44,16,219,46,78,Good
42,0.3752017915248871,0.11170908063650131,0.04168649762868881,0.5517436861991882,0.31712865829467773,-0.12119881063699722,0.0041423374786973,0.6486789584159851,0.2785051763057709,-0.33571499586105347,-0.03710130229592323,0.999980092048645,0.0326201394200325,-0.002127171726897359,0.10966711491346359,0.9999744296073914,0.3756322647844045,0.11201007486808875,0.042118290882735054,0.3173702557881676,-0.12107173176038842,0.004529352820966219,0.27840121870949175,-0.3356837459972929,-0.036758076931749095,0.03259353800898509,-0.0021310097460324577,0.1096567188700041,113,157,173,2.7433787346299323,Steep (good for irons),True,146.87756241957285,Good (slight bend is normal),0.0938149398927193,170,Good (max speed near impact),85,-3,2.75,44,16,219,46,78,Good
43,0.37709835171699524,0.11304236203432083,0.041447486728429794,0.553339421749115,0.31830525398254395,-0.12056179344654083,0.0038627025205641985,0.6512769460678101,0.27862706780433655,-0.3355999290943146,-0.0367470420897007,0.9999802708625793,0.03255974501371384,-0.0020481920801103115,0.10977503657341003,0.9999750256538391,0.3769351300739109,0.11266850254365383,0.04142035739052866,0.31842082738876365,-0.1207497315037819,0.0038447658353973034,0.2788724430969785,-0.3356136026836579,-0.03705942169541407,0.032583329117014316,-0.0020128473074042387,0.10979763915141431,113,157,173,2.7433787346299323,Steep (good for irons),True,146.87756241957285,Good (slight bend is normal),0.0938149398927193,170,Good (max speed near impact),85,-3,2.75,44,16,219,46,78,Good
44,0.37795335054397583,0.11320193856954575,0.040761977434158325,0.559123694896698,0.3193929195404053,-0.12047737836837769,0.003250475274398923,0.6564295887947083,0.27932238578796387,-0.33556514978408813,-0.037310026586055756,0.999980628490448,0.03259216248989105,-0.0019131439039483666,0.10989319533109665,0.9999756217002869,0.3780127919855575,0.11317150791486112,0.04084073095804172,0.31945221055121675,-0.12046751947630027,0.0032741219758810054,0.2795973661400025,-0.33553406028520516,-0.03724656679800581,0.03265051295359932,-0.0018889443793644522,0.10989480820440119,113,157,173,2.7433787346299323,Steep (good for irons),True,146.87756241957285,Good (slight bend is normal),0.0938149398927193,170,Good (max speed near impact),85,-3,2.75,44,16,219,46,78,Good
45,0.37923985719680786,0.11332239210605621,0.04046819731593132,0.5647585988044739,0.3208160996437073,-0.12041650712490082,0.003088597906753421,0.6610373258590698,0.2807861268520355,-0.33544179797172546,-0.03751074895262718,0.9999808669090271,0.03278129920363426,-0.001706271548755467,0.10999339818954468,0.9999761581420898,0.37893249307359994,0.11398963381846754,0.03950615582011997,0.3207303157874518,-0.11987919715188808,0.0018539117161361959,0.2811264821461271,-0.33514212568601,-0.0391877971234776,0.03290929290510362,-0.0017618504075688278,0.10993610783701858,113,157,173,2.7433787346299323,Steep (good for irons),True,146.87756241957285,Good (slight bend is normal),0.0938149398927193,170,Good (max speed near impact),85,-3,2.75,44,16,219,46,78,Good
46,0.37906211614608765,0.11332264542579651,0.04033319279551506,0.5714725255966187,0.3213399350643158,-0.12039165943861008,0.002827990800142288,0.6668751239776611,0.28209519386291504,-0.3353928029537201,-0.03782045468688011,0.9999812245368958,0.03301706910133362,-0.001669245888479054,0.11004719883203506,0.9999767541885376,0.3794120862370448,0.11320492057573237,0.04084394854449093,0.3215540619123552,-0.12057635365497507,0.0037087036097156172,0.28181767747515746,-0.3354945750463579,-0.03675184487586933,0.03291704771774158,-0.0016601281517761815,0.11006102675483348,113,157,173,2.7433787346299323,Steep (good for irons),True,146.87756241957285,Good (slight bend is normal),0.0938149398927193,170,Good (max speed near impact),85,-3,2.75,44,16,219,46,78,Good
47,0.37979385256767273,0.11329171061515808,0.040377020835876465,0.5792436599731445,0.3219843804836273,-0.12059218436479568,0.0035902420058846474,0.6716439723968506,0.28252309560775757,-0.3354026973247528,-0.03710167109966278,0.9999815225601196,0.03302321955561638,-0.0016104050446301699,0.11010953038930893,0.9999771118164062,0.37966937252453425,0.11121278965757014,0.044005376952035116,0.32148605017435006,-0.12229346412987945,0.007737042060831478,0.28106335940815175,-0.33648968310583227,-0.031222919179570128,0.03261140574301995,-0.0016054182335556984,0.11026913459811899,113,157,173,2.7433787346299323,Steep (good for irons),True,146.87756241957285,Good (slight bend is normal),0.0938149398927193,170,Good (max speed near impact),85,-3,2.75,44,16,219,46,78,Good
48,0.3797312378883362,0.10710299760103226,0.051159828901290894,0.5536736249923706,0.32069239020347595,-0.12586547434329987,0.016616497188806534,0.6531288623809814,0.2783961892127991,-0.3387167751789093,-0.018878962844610214,0.9999808073043823,0.03176897391676903,-0.0015804144786670804,0.11062867939472198,0.9999764561653137,0.37967097049667753,0.10853116817417607,0.047599921801260575,0.3205652691069106,-0.1245848618092992,0.01234070879096787,0.279235716376986,-0.33789111744789874,-0.024616541695736724,0.03207546623335,-0.0015806710358620413,0.11052219285851442,113,157,173,2.7433787346299323,Steep (good for irons),True,146.87756241957285,Good (slight bend is normal),0.0938149398927193,170,Good (max speed near impact),85,-3,2.75,44,16,219,46,78,Good
49,0.3794201612472534,0.10523494333028793,0.0512755922973156,0.5313543677330017,0.3185962736606598,-0.12729765474796295,0.016930855810642242,0.6372576951980591,0.27612602710723877,-0.33953821659088135,-0.01785092242062092,0.9999802708625793,0.031326256692409515,-0.0015531902899965644,0.11084097623825073,0.9999759793281555,0.37992159667469233,0.1061181096093996,0.050832067217145685,0.31902045437267873,-0.12678760183709017,0.016605129332414707,0.2767167261668616,-0.3392774193059833,-0.018356521480849822,0.03135464198532561,-0.0015495300758630048,0.11080065759874534,113,157,173,2.7433787346299323,Steep (good for irons),True,146.87756241957285,Good (slight bend is normal),0.0938149398927193,170,Good (max speed near impact),85,-3,2.75,44,16,219,46,78,Good
50,0.3791668117046356,0.10469768941402435,0.05059588700532913,0.5146684050559998,0.31716442108154297,-0.1278565376996994,0.016439074650406837,0.6251958012580872,0.27518555521965027,-0.3400013744831085,-0.01784593053162098,0.9999799728393555,0.031088808551430702,-0.0015045561594888568,0.11094344407320023,0.9999756813049316,0.3790668717452461,0.10426903977280579,0.05211258342578302,0.31709110453015305,-0.12818905498300287,0.018106456579906616,0.2746486734776272,-0.34017249090330964,-0.015942237739052102,0.03098101905059249,-0.0015098839843024822,0.11099599621125639,113,157,173,2.7433787346299323,Steep (good for irons),True,146.87756241957285,Good (slight bend is normal),0.0938149398927193,170,Good (max speed near impact),85,-3,2.75,44,16,219,46,78,Good
51,0.37825971841812134,0.10457129776477814,0.05014348402619362,0.5036375522613525,0.31517043709754944,-0.12801341712474823,0.015955591574311256,0.6173983216285706,0.27349400520324707,-0.3401241898536682,-0.018449291586875916,0.9999799728393555,0.03082495927810669,-0.001479622325859964,0.11106143891811371,0.9999755620956421,0.37717043218158564,0.10391076476801017,0.04904848337173466,0.315302364882969,-0.128104376650992,0.014378943832569012,0.27391784957477044,-0.34012291403043865,-0.020204963162541403,0.031126895653350035,-0.001460367630768036,0.11101338941426511,113,157,173,2.7433787346299323,Steep (good for irons),True,146.87756241957285,Good (slight bend is normal),0.0938149398927193,170,Good (max speed near impact),85,-3,2.75,44,16,219,46,78,Good
52,0.37350618839263916,0.10295607894659042,0.046442579478025436,0.49455970525741577,0.3133349120616913,-0.12795475125312805,0.01056161243468523,0.6121672987937927,0.27359116077423096,-0.34002283215522766,-0.02541542239487171,0.9999799132347107,0.03174670413136482,-0.0013868073001503944,0.11096213757991791,0.9999752640724182,0.37375966707865427,0.10340548164787755,0.04521991986603967,0.31297833295095556,-0.12789235157626025,0.009617889387300245,0.27357347238631496,-0.3400413124334247,-0.026049864611455392,0.03161554526360265,-0.0014046563633850653,0.1109484696672077,113,157,173,2.7433787346299323,Steep (good for irons),True,146.87756241957285,Good (slight bend is normal),0.0938149398927193,170,Good (max speed near impact),85,-3,2.75,44,16,219,46,78,Good
53,0.36998361349105835,0.1028326228260994,0.040187299251556396,0.48869094252586365,0.310975581407547,-0.12758417427539825,0.003255231771618128,0.6092779040336609,0.2736563980579376,-0.3398875892162323,-0.03330780938267708,0.9999798536300659,0.032214075326919556,-0.0013510301942005754,0.11082803457975388,0.9999750852584839,0.37001832468169105,0.1029908036192259,0.04325195650259657,0.31045287989434767,-0.12746597684565053,0.0061969690557037126,0.27326958520071865,-0.33993241758573645,-0.031049055357774122,0.032037824569713526,-0.0013480351772159347,0.11088228580497568,113,157,173,2.7433787346299323,Steep (good for irons),True,146.87756241957285,Good (slight bend is normal),0.0938149398927193,170,Good (max speed near impact),85,-3,2.75,44,16,219,46,78,Good
54,0.36601290106773376,0.10289616882801056,0.03764302656054497,0.4783579111099243,0.30758509039878845,-0.12684214115142822,-0.00046964429202489555,0.5996266603469849,0.27369919419288635,-0.3396386206150055,-0.04006360098719597,0.9999790787696838,0.03310301527380943,-0.0012948246439918876,0.11066602915525436,0.9999740719795227,0.3670367343085156,0.10276941032636741,0.03906680217811043,0.30858529181707495,-0.126990868931725,0.000909405254614762,0.2736682920228869,-0.3397065628142586,-0.03810766862616655,0.03291102037543345,-0.0012914724869742288,0.11072411494595671,113,157,173,2.7433787346299323,Steep (good for irons),True,146.87756241957285,Good (slight bend is normal),0.0938149398927193,170,Good (max speed near impact),85,-3,2.75,44,16,219,46,78,Good
55,0.3658745586872101,0.10295632481575012,0.03981499746441841,0.47372835874557495,0.307365745306015,-0.12651507556438446,0.0006335647194646299,0.5949111580848694,0.27369990944862366,-0.3396032452583313,-0.039715077728033066,0.9999788403511047,0.03322882205247879,-0.0012427722103893757,0.1106502041220665,0.9999735355377197,0.3655492734341397,0.10276823348942266,0.03275975673681216,0.3073323439984097,-0.12662666468393244,-0.005399262543678997,0.27417957356997913,-0.3394398902143754,-0.04514651373028758,0.033898583835079585,-0.0012557229603685095,0.11046696809076136,113,157,173,2.7433787346299323,Steep (good for irons),True,146.87756241957285,Good (slight bend is normal),0.0938149398927193,170,Good (max speed near impact),85,-3,2.75,44,16,219,46,78,Good
56,0.3653421103954315,0.10266122967004776,0.02310865744948387,0.4755135774612427,0.3080591559410095,-0.12647873163223267,-0.014954299665987492,0.5992764234542847,0.2759431302547455,-0.33889031410217285,-0.05639994516968727,0.9999787211418152,0.03589312732219696,-0.0011981677962467074,0.11014264076948166,0.9999731183052063,0.3649204841681891,0.10261853323096329,0.025922608295721686,0.30752937992413865,-0.12643075911771692,-0.012541838546028548,0.2755877063387918,-0.33900195076352097,-0.05393454361529581,0.03546620621567684,-0.0012000117317906456,0.11017490071909775,113,157,173,2.7433787346299323,Steep (good for irons),True,146.87756241957285,Good (slight bend is normal),0.0938149398927193,170,Good (max speed near impact),85,-3,2.75,44,16,219,46,78,Good
57,0.36474668979644775,0.10227929055690765,0.015739431604743004,0.4742300510406494,0.3083468973636627,-0.1264779269695282,-0.022070743143558502,0.6017856001853943,0.277306467294693,-0.33853429555892944,-0.06343450397253036,0.9999784231185913,0.037258319556713104,-0.0011506726732477546,0.10975833982229233,0.9999727606773376,0.3650390335491728,0.10255641490221032,0.019911142509608057,0.3092447306428639,-0.12639866201650538,-0.019658682856797477,0.278000456946237,-0.3384304188546683,-0.06365652542029113,0.037481473847514137,-0.001112948066466267,0.10989793567430414,113,157,173,2.7433787346299323,Steep (good for irons),True,146.87756241957285,Good (slight bend is normal),0.0938149398927193,170,Good (max speed near impact),85,-3,2.75,44,16,219,46,78,Good
58,0.3649478852748871,0.10266467183828354,0.015077614225447178,0.4839034676551819,0.3113720417022705,-0.12632380425930023,-0.02614697813987732,0.6103760004043579,0.2808442711830139,-0.3376893103122711,-0.07405306398868561,0.9999790191650391,0.03981606289744377,-0.0010093359742313623,0.10971598327159882,0.999972939491272,0.36498296686581233,0.10263608679884964,0.013691080364792262,0.3111932362828938,-0.1263675093650819,-0.026617775222153556,0.28062025280225866,-0.3377529723303661,-0.0731614432519391,0.03979853398743133,-0.0010120721278889556,0.10967719732295908,113,157,173,2.7433787346299323,Steep (good for irons),True,146.87756241957285,Good (slight bend is normal),0.0938149398927193,170,Good (max speed near impact),85,-3,2.75,44,16,219,46,78,Good
59,0.36535361409187317,0.10303518921136856,0.014249863103032112,0.49535831809043884,0.3137466013431549,-0.12629634141921997,-0.028142444789409637,0.6195118427276611,0.2833079695701599,-0.33711254596710205,-0.0784030333161354,0.999979555606842,0.04185674712061882,-0.0008790094871073961,0.10963340103626251,0.9999731183052063,0.3651733270713264,0.10298381745815285,0.010443298123607841,0.31312570401600454,-0.1262747049331666,-0.03024760394224101,0.282614106223697,-0.3370929246857055,-0.07831565113294697,0.041765407437369964,-0.000906688446689043,0.10959896019526898,113,157,173,2.7433787346299323,Steep (good for irons),True,146.87756241957285,Good (slight bend is normal),0.0938149398927193,170,Good (max speed near impact),85,-3,2.75,44,16,219,46,78,Good
60,0.3654029071331024,0.10320396721363068,0.004034093581140041,0.5062903761863708,0.3145214915275574,-0.1262693852186203,-0.03492894023656845,0.6298827528953552,0.28374266624450684,-0.3365245759487152,-0.08209984004497528,0.9999803304672241,0.04350155219435692,-0.0008517588721588254,0.10956111550331116,0.9999735951423645,0.365427511078971,0.10322974870602297,0.005963860455917066,0.31461450173741323,-0.1262492076272057,-0.034067503930557366,0.28394921194939404,-0.3364835381507876,-0.08251801523424337,0.04348880478313994,-0.0008414205596117043,0.10955731180452173,113,157,173,2.7433787346299323,Steep (good for irons),True,146.87756241957285,Good (slight bend is normal),0.0938149398927193,170,Good (max speed near impact),85,-3,2.75,44,16,219,46,78,Good
61,0.3655403256416321,0.10343234986066818,-0.00011768083641072735,0.5150764584541321,0.3150588870048523,-0.12620437145233154,-0.03812577202916145,0.6384477615356445,0.28411439061164856,-0.33596599102020264,-0.08453778177499771,0.9999809265136719,0.04468001052737236,-0.0008270828402601182,0.10947602242231369,0.9999739527702332,0.36553958626020544,0.1031643808597611,0.0013149457583841433,0.31505954691341964,-0.12629930533113942,-0.03718400232139091,0.28411955350921286,-0.3361103605656399,-0.0840701545987811,0.044262746260279734,-0.0008568646846383462,0.10950116174561644,113,157,173,2.7433787346299323,Steep (good for irons),True,146.87756241957285,Good (slight bend is normal),0.0938149398927193,170,Good (max speed near impact),85,-3,2.75,44,16,219,46,78,Good
62,0.3655585050582886,0.1028052270412445,-0.002121017314493656,0.530456006526947,0.3150233328342438,-0.12647707760334015,-0.039466943591833115,0.6496819257736206,0.2840787470340729,-0.33591997623443604,-0.08611347526311874,0.9999817609786987,0.04492904990911484,-0.0009080545278266072,0.1094680204987526,0.9999745488166809,0.3655986558823361,0.10295686693418601,-0.002072715644663689,0.31510141208058334,-0.12641877929369616,-0.03940133395649141,0.28399497128668305,-0.33589612869989327,-0.0857278303731056,0.04493586772254538,-0.0009091362340508833,0.10948857984372555,113,157,173,2.7433787346299323,Steep (good for irons),True,146.87756241957285,Good (slight bend is normal),0.0938149398927193,170,Good (max speed near impact),85,-3,2.75,44,16,219,46,78,Good
63,0.3656160235404968,0.10262969881296158,-0.0024091966915875673,0.5478268265724182,0.3150355815887451,-0.12655170261859894,-0.03969728946685791,0.6622586846351624,0.283977746963501,-0.33587411046028137,-0.08654803037643433,0.9999826550483704,0.04509260505437851,-0.0009899302385747433,0.1094580665230751,0.9999751448631287,0.36559289410000784,0.10266085430270157,-0.0035322223505188204,0.3150710733163927,-0.12658358400776282,-0.04025158782800042,0.2843217125960761,-0.33584124275616256,-0.08786894735835854,0.04589905980087465,-0.0009513738886674961,0.10942768979640241,113,157,173,2.7433787346299323,Steep (good for irons),True,146.87756241957285,Good (slight bend is normal),0.0938149398927193,170,Good (max speed near impact),85,-3,2.75,44,16,219,46,78,Good
64,0.3656162917613983,0.10264746844768524,-0.005796199198812246,0.5705200433731079,0.31501656770706177,-0.12676024436950684,-0.04180845245718956,0.6757997870445251,0.2846935987472534,-0.33584651350975037,-0.09115909039974213,0.9999834895133972,0.04752097278833389,-0.0009712245664559305,0.10941250622272491,0.9999758005142212,0.3655129926545282,0.10262801427216764,-0.006604233239029007,0.31496533325740295,-0.12671630084514626,-0.04250964540101236,0.28489905170031976,-0.335819680066336,-0.09162498726731261,0.04741147745932855,-0.0009686209599576188,0.10933527421383639,113,157,173,2.7433787346299323,Steep (good for irons),True,146.87756241957285,Good (slight bend is normal),0.0938149398927193,170,Good (max speed near impact),85,-3,2.75,44,16,219,46,78,Good
65,0.3653131127357483,0.10269930213689804,-0.01013370044529438,0.5911862850189209,0.3148607313632965,-0.1267889142036438,-0.044853124767541885,0.6869921684265137,0.28595125675201416,-0.3357749581336975,-0.09599774330854416,0.9999842643737793,0.04941995069384575,-0.000938765297178179,0.10913728177547455,0.999976396560669,0.365480286734445,0.10287440071503329,-0.008859478857456934,0.3149288906937556,-0.12674084518636985,-0.04419649889071786,0.28556613553138027,-0.3357703416120441,-0.09488979727029807,0.04908098173992978,-0.0009552397587824442,0.10924591727200016,113,157,173,2.7433787346299323,Steep (good for irons),True,146.87756241957285,Good (slight bend is normal),0.0938149398927193,170,Good (max speed near impact),85,-3,2.75,44,16,219,46,78,Good
66,0.36533233523368835,0.10361657291650772,-0.014506668783724308,0.6133878827095032,0.3148559033870697,-0.1267358362674713,-0.04966443404555321,0.7012205123901367,0.28621697425842285,-0.3356126546859741,-0.1008153036236763,0.9999851584434509,0.05088244751095772,-0.0009101806208491325,0.10911291092634201,0.9999771118164062,0.36531979697091266,0.10334356909706487,-0.013107484960485083,0.31486072001003107,-0.12679487537770054,-0.048191945112886915,0.28609850435029915,-0.33568297255606905,-0.09942183111395161,0.050612287684565535,-0.0009185583441562602,0.10914323869205664,113,157,173,2.7433787346299323,Steep (good for irons),True,146.87756241957285,Good (slight bend is normal),0.0938149398927193,170,Good (max speed near impact),85,-3,2.75,44,16,219,46,78,Good
67,0.36535394191741943,0.10385934263467789,-0.013394787907600403,0.6348351836204529,0.3148708939552307,-0.1267765462398529,-0.04920084401965141,0.7146706581115723,0.286103755235672,-0.33563631772994995,-0.10048715770244598,0.9999859929084778,0.051077794283628464,-0.000915122393053025,0.10910481214523315,0.9999777674674988,0.365208542063123,0.10380988674504424,-0.017024605978457712,0.3148323964504971,-0.12699590765294583,-0.052826299553825784,0.2861995810554143,-0.3357559910842353,-0.10384723118373335,0.05141244314256172,-0.0008934596858342141,0.1090630484478815,113,157,173,2.7433787346299323,Steep (good for irons),True,146.87756241957285,Good (slight bend is normal),0.0938149398927193,170,Good (max speed near impact),85,-3,2.75,44,16,219,46,78,Good
68,0.3647952079772949,0.10498680919408798,-0.024936987087130547,0.6483308672904968,0.3147130012512207,-0.12698586285114288,-0.061221614480018616,0.7230017185211182,0.2861602008342743,-0.33534693717956543,-0.11001171916723251,0.9999865889549255,0.05215632915496826,-0.0008494010544382036,0.10885090380907059,0.9999781847000122,0.3650613739376979,0.10507063567638406,-0.022406318934545644,0.3147855713253932,-0.12691187078044536,-0.05898624144139748,0.28621527978352157,-0.33535841249284315,-0.10856087860606974,0.05208103837711474,-0.0008632604952990305,0.10884280148006628,113,157,173,2.7433787346299323,Steep (good for irons),True,146.87756241957285,Good (slight bend is normal),0.0938149398927193,170,Good (max speed near impact),85,-3,2.75,44,16,219,46,78,Good
69,0.36480769515037537,0.10604818165302277,-0.02742079645395279,0.6646708250045776,0.3147117495536804,-0.1269930750131607,-0.0648198127746582,0.7329137921333313,0.2861931025981903,-0.3351229727268219,-0.11358722299337387,0.9999871850013733,0.052576128393411636,-0.0008434408227913082,0.10855451226234436,0.9999784827232361,0.36461463428679,0.10672455813203546,-0.029945157734411126,0.3145937649976642,-0.1264463262189003,-0.06590013649492041,0.28641147131011624,-0.33445375306265723,-0.1132437657742274,0.05267120649417245,-0.0008276560942509351,0.1083955747031031,113,157,173,2.7433787346299323,Steep (good for irons),True,146.87756241957285,Good (slight bend is normal),0.0938149398927193,170,Good (max speed near impact),85,-3,2.75,44,16,219,46,78,Good
70,0.3639966547489166,0.10978779196739197,-0.036989908665418625,0.6676931381225586,0.31435683369636536,-0.12533871829509735,-0.0728859081864357,0.7383044362068176,0.28692200779914856,-0.33266836404800415,-0.11700855195522308,0.9999873638153076,0.05353110283613205,-0.0008024313137866557,0.10772146284580231,0.99997878074646,0.36380868156751023,0.10907787545805894,-0.03669685577707634,0.3143325845400494,-0.12562972661994762,-0.07236636962209435,0.2867033751237962,-0.3330093537058152,-0.11701051571539478,0.05341547355055813,-0.0008098900545432815,0.10781344558511469,113,157,173,2.7433787346299323,Steep (good for irons),True,146.87756241957285,Good (slight bend is normal),0.0938149398927193,170,Good (max speed near impact),85,-3,2.75,44,16,219,46,78,Good
71,0.3628040850162506,0.11134197562932968,-0.04157102480530739,0.6692394018173218,0.31395331025123596,-0.12450765818357468,-0.07595447450876236,0.7419223785400391,0.2869480550289154,-0.331375390291214,-0.1181129738688469,0.9999875426292419,0.05385839194059372,-0.0008145107422024012,0.10722099989652634,0.9999791979789734,0.3628475637662981,0.11148692880358024,-0.03737976419783776,0.3140589339392528,-0.1245976938378244,-0.07475864745321734,0.2867698768774671,-0.3314644453071415,-0.11738201904864545,0.053894693120604506,-0.000847345082244526,0.10733614045949216,113,157,173,2.7433787346299323,Steep (good for irons),True,146.87756241957285,Good (slight bend is normal),0.0938149398927193,170,Good (max speed near impact),85,-3,2.75,44,16,219,46,78,Good
72,0.36165356636047363,0.11406998336315155,-0.03527136892080307,0.687140703201294,0.31384649872779846,-0.12395355105400085,-0.07530902326107025,0.7521639466285706,0.2869627773761749,-0.33011680841445923,-0.11664144694805145,0.9999881386756897,0.05455290898680687,-0.0009014200768433511,0.10688016563653946,0.9999794960021973,0.3618790691807159,0.11406440145912633,-0.0356008942638125,0.3138302720728377,-0.12391888882432674,-0.07542896802936286,0.2869656298841751,-0.3302502788248519,-0.11700534004540679,0.05447244998954595,-0.0008993710590792561,0.10691703891470326,113,157,173,2.7433787346299323,Steep (good for irons),True,146.87756241957285,Good (slight bend is normal),0.0938149398927193,170,Good (max speed near impact),85,-3,2.75,44,16,219,46,78,Good
73,0.36115169525146484,0.11583589762449265,-0.02804090455174446,0.70436030626297,0.31372031569480896,-0.12370815873146057,-0.07317177206277847,0.7624197602272034,0.28684577345848083,-0.3297954499721527,-0.11551269888877869,0.9999887347221375,0.05478601157665253,-0.0009896280243992805,0.10680226981639862,0.9999798536300659,0.3612294282232015,0.11602511398849041,-0.03125258100529514,0.31374629906245666,-0.12399823147626159,-0.07359895535877778,0.28718388080596946,-0.3298496618157344,-0.11598459276415062,0.0549299466822829,-0.0010007729094165074,0.10666435353812725,113,157,173,2.7433787346299323,Steep (good for irons),True,146.87756241957285,Good (slight bend is normal),0.0938149398927193,170,Good (max speed near impact),85,-3,2.75,44,16,219,46,78,Good
74,0.361009418964386,0.11849679797887802,-0.028050459921360016,0.7266683578491211,0.3137628734111786,-0.12444381415843964,-0.07122541964054108,0.777714192867279,0.288286954164505,-0.32982340455055237,-0.11547236889600754,0.99998939037323,0.05574901029467583,-0.0009654206223785877,0.10623317956924438,0.9999796748161316,0.3608718869231999,0.11812304386070804,-0.027881120287236733,0.31373801543599106,-0.1243517980689095,-0.07159567269540974,0.28805658221244834,-0.32976158034233843,-0.11543991097382145,0.055598802687156806,-0.000990765809547157,0.10628731797138857,113,157,173,2.7433787346299323,Steep (good for irons),True,146.87756241957285,Good (slight bend is normal),0.0938149398927193,170,Good (max speed near impact),85,-3,2.75,44,16,219,46,78,Good
75,0.3606260120868683,0.11948104947805405,-0.02861594595015049,0.7466258406639099,0.3137335777282715,-0.12501727044582367,-0.07030333578586578,0.7914220094680786,0.28923243284225464,-0.3299081027507782,-0.11570017039775848,0.9999899864196777,0.056251708418130875,-0.0009323275298811495,0.10589893162250519,0.9999796152114868,0.3611025966349105,0.11891107545012528,-0.02708737685212069,0.31384831950778075,-0.12587017601444617,-0.06995861587070287,0.2895843315692177,-0.3306535368873962,-0.1157085597515107,0.05637650138565476,-0.0007949751244658344,0.10583520645187022,113,157,173,2.7433787346299323,Steep (good for irons),True,146.87756241957285,Good (slight bend is normal),0.0938149398927193,170,Good (max speed near impact),85,-3,2.75,44,16,219,46,78,Good
76,0.36025938391685486,0.12130903452634811,-0.028247099369764328,0.7639774680137634,0.3136865794658661,-0.12513789534568787,-0.06941630691289902,0.8038313984870911,0.2916273772716522,-0.32994014024734497,-0.1165088340640068,0.9999902844429016,0.05752640590071678,-0.0003739307285286486,0.10513070225715637,0.9999788999557495,0.36021960349310034,0.1212664069164368,-0.02837217226624491,0.3136726901644754,-0.12505962557735906,-0.06932033562944054,0.2915260692437492,-0.32993513345718406,-0.11634672787927453,0.05752222169013255,-0.00039716856554150614,0.10525645031815492,113,157,173,2.7433787346299323,Steep (good for irons),True,146.87756241957285,Good (slight bend is normal),0.0938149398927193,170,Good (max speed near impact),85,-3,2.75,44,16,219,46,78,Good
77,0.3597766160964966,0.12212422490119934,-0.029102075845003128,0.7793022394180298,0.3136288821697235,-0.12516526877880096,-0.0690932497382164,0.8152976632118225,0.293582022190094,-0.32970601320266724,-0.11728528141975403,0.9999905228614807,0.05870784819126129,0.0001596866932231933,0.10469819605350494,0.9999783039093018,0.358315862360455,0.12494644132398433,-0.03086250639032752,0.31325819520723275,-0.12159955998261779,-0.06989779997439616,0.29335852889787606,-0.32695615007763845,-0.11741478102547791,0.05875046799580261,0.0001235011524321246,0.10458419117189596,113,157,173,2.7433787346299323,Steep (good for irons),True,146.87756241957285,Good (slight bend is normal),0.0938149398927193,170,Good (max speed near impact),85,-3,2.75,44,16,219,46,78,Good
78,0.35415908694267273,0.13190507888793945,-0.035074133425951004,0.7863715887069702,0.3121858239173889,-0.11402531713247299,-0.07150989770889282,0.8228003978729248,0.2950999438762665,-0.32124224305152893,-0.11850985139608383,0.9999904036521912,0.060441844165325165,0.000722546479664743,0.10383877158164978,0.9999785423278809,0.35505778307006497,0.1300014005530449,-0.03491626449284102,0.31248017010234674,-0.116332660828318,-0.07159243275721873,0.2950923740863802,-0.3224792154062364,-0.11887262016534814,0.0603232931877886,0.0006972489091345957,0.10376184469177617,113,157,173,2.7433787346299323,Steep (good for irons),True,146.87756241957285,Good (slight bend is normal),0.0938149398927193,170,Good (max speed near impact),85,-3,2.75,44,16,219,46,78,Good
79,0.35141095519065857,0.13586708903312683,-0.04075708985328674,0.7940333485603333,0.31162989139556885,-0.1093997210264206,-0.07421451061964035,0.8306230306625366,0.29635003209114075,-0.31611695885658264,-0.1205572634935379,0.9999903440475464,0.0617380328476429,0.0011689066886901855,0.10286176949739456,0.9999787211418152,0.3514168404397513,0.13536234696706145,-0.03969819169668927,0.31149503588676475,-0.11041915487675448,-0.07389241315069658,0.2964664002259575,-0.31739426368758816,-0.12025425689561034,0.06194507916058817,0.0011404772230889657,0.10302818743955529,113,157,173,2.7433787346299323,Steep (good for irons),True,146.87756241957285,Good (slight bend is normal),0.0938149398927193,170,Good (max speed near impact),85,-3,2.75,44,16,219,46,78,Good
80,0.3472030460834503,0.1396649032831192,-0.04377374053001404,0.8007190823554993,0.31038957834243774,-0.1059543713927269,-0.07622943818569183,0.8375792503356934,0.29754123091697693,-0.3136928081512451,-0.12161312252283096,0.9999904632568359,0.0637379065155983,0.0016282779397442937,0.10212597250938416,0.9999788999557495,0.34763692248435274,0.14009120776539769,-0.04341113638310209,0.3105020210856485,-0.10523962655237751,-0.07576353528669907,0.2976041833559674,-0.3131390398456939,-0.12125424331142798,0.06361171887034467,0.0016270588967017842,0.10217940736384626,113,157,173,2.7433787346299323,Steep (good for irons),True,146.87756241957285,Good (slight bend is normal),0.0938149398927193,170,Good (max speed near impact),85,-3,2.75,44,16,219,46,78,Good
81,0.34558042883872986,0.14260686933994293,-0.04513150081038475,0.8068762421607971,0.3097655773162842,-0.10291177034378052,-0.0766526609659195,0.8442627191543579,0.29869651794433594,-0.3113263249397278,-0.12163236737251282,0.9999905228614807,0.06513427942991257,0.0020074276253581047,0.10160230845212936,0.9999791979789734,0.3459307593958721,0.14267113095238104,-0.04537994609702205,0.3099896794273742,-0.1027255845921381,-0.07690362383921948,0.2987464183852788,-0.3113030833857402,-0.12195997862588802,0.06513147428631788,0.0021481801578331575,0.10134360513516842,113,157,173,2.7433787346299323,Steep (good for irons),True,146.87756241957285,Good (slight bend is normal),0.0938149398927193,170,Good (max speed near impact),85,-3,2.75,44,16,219,46,78,Good
82,0.34192410111427307,0.14472772181034088,-0.04546568915247917,0.8105692863464355,0.30913805961608887,-0.10041462630033493,-0.07630101591348648,0.8484131097793579,0.29904186725616455,-0.3101831078529358,-0.12151728570461273,0.9999904036521912,0.06643582135438919,0.0027932380326092243,0.10043451189994812,0.9999791383743286,0.34199454245113214,0.14468652435711463,-0.04600949301606136,0.3090891171069374,-0.10066115998086482,-0.07665109350567778,0.299035837252935,-0.31029253062747797,-0.12171980880555662,0.06642129059348792,0.0026913180869693578,0.10054034172069466,113,157,173,2.7433787346299323,Steep (good for irons),True,146.87756241957285,Good (slight bend is normal),0.0938149398927193,170,Good (max speed near impact),85,-3,2.75,44,16,219,46,78,Good
83,0.3403452932834625,0.14611633121967316,-0.046764589846134186,0.8148782849311829,0.3086356520652771,-0.0992533415555954,-0.07651054859161377,0.852859377861023,0.2993207275867462,-0.3097267746925354,-0.12180069088935852,0.9999902844429016,0.06738521158695221,0.0032578473910689354,0.09966108947992325,0.9999791383743286,0.336598173493431,0.14592896401882183,-0.04671752310934524,0.3078511485031675,-0.09946121133509145,-0.07601648072401687,0.29830926940554686,-0.30975260904857116,-0.1212088054134733,0.06726988192115516,0.0031950184299300135,0.09973161454711649,113,157,173,2.7433787346299323,Steep (good for irons),True,146.87756241957285,Good (slight bend is normal),0.0938149398927193,170,Good (max speed near impact),85,-3,2.75,44,16,219,46,78,Good
84,0.3281152546405792,0.14532509446144104,-0.04539749398827553,0.8114178776741028,0.3060832917690277,-0.0996338278055191,-0.07296531647443771,0.8531980514526367,0.29675590991973877,-0.310110867023468,-0.11955181509256363,0.9999900460243225,0.06785370409488678,0.0036522375885397196,0.09912719577550888,0.9999791383743286,0.33091906138828847,0.14573205297901526,-0.04590789033543499,0.30648450198627675,-0.09939575337228328,-0.07374935419786549,0.297377563658215,-0.30991281923793634,-0.12017040664241435,0.06792522576593223,0.0037159878605355847,0.0990703918394589,113,157,173,2.7433787346299323,Steep (good for irons),True,146.87756241957285,Good (slight bend is normal),0.0938149398927193,170,Good (max speed near impact),85,-3,2.75,44,16,219,46,78,Good
85,0.32513532042503357,0.14512602984905243,-0.044718269258737564,0.8091811537742615,0.3048305809497833,-0.09998692572116852,-0.07128432393074036,0.8543557524681091,0.29591765999794006,-0.31031715869903564,-0.11874182522296906,0.9999897480010986,0.06830967962741852,0.0040651848539710045,0.09865538030862808,0.9999791979789734,0.32757152404103984,0.1443597340867634,-0.04200226902252155,0.3056685044651942,-0.10024637090308333,-0.06895443726153606,0.2967250687735423,-0.310551539773033,-0.11795067609775642,0.06837361980052227,0.004162791029860578,0.09880163768927264,113,157,173,2.7433787346299323,Steep (good for irons),True,146.87756241957285,Good (slight bend is normal),0.0938149398927193,170,Good (max speed near impact),85,-3,2.75,44,16,219,46,78,Good
86,0.3259163498878479,0.14124593138694763,-0.03673253580927849,0.8141936659812927,0.30495643615722656,-0.10158301144838333,-0.06308890879154205,0.8584704995155334,0.29714858531951904,-0.31129565834999084,-0.11576543003320694,0.9999895691871643,0.0688110888004303,0.004671839997172356,0.09857754409313202,0.9999789595603943,0.324585944414139,0.14162170248372224,-0.03701783228842988,0.30473816536721754,-0.10150346692119333,-0.0635916310406867,0.29661196044513183,-0.3113338734422414,-0.1155626717067901,0.0687218145245598,0.004564128694168872,0.09859615670783187,113,157,173,2.7433787346299323,Steep (good for irons),True,146.87756241957285,Good (slight bend is normal),0.0938149398927193,170,Good (max speed near impact),85,-3,2.75,44,16,219,46,78,Good
87,0.3263753354549408,0.13853196799755096,-0.029472794383764267,0.8179710507392883,0.3049791157245636,-0.1028684750199318,-0.056827232241630554,0.8618009686470032,0.2974855899810791,-0.3123270571231842,-0.11256133764982224,0.9999895095825195,0.06909385323524475,0.004924245178699493,0.09857125580310822,0.9999788999557495,0.32416749426296804,0.13869214483669837,-0.03268801039528282,0.3038333810511092,-0.10245556951988319,-0.05959006257000428,0.29719740720022314,-0.3119891881942751,-0.11401179645742697,0.06910839073714761,0.004807505778790943,0.09834801476626176,113,157,173,2.7433787346299323,Steep (good for irons),True,146.87756241957285,Good (slight bend is normal),0.0938149398927193,170,Good (max speed near impact),85,-3,2.75,44,16,219,46,78,Good
88,0.31872427463531494,0.13412170112133026,-0.030770594254136086,0.8171588182449341,0.3017910122871399,-0.10378596186637878,-0.05734187364578247,0.8620510697364807,0.2979796826839447,-0.3124361038208008,-0.11309178173542023,0.9999892115592957,0.06943802535533905,0.004970974754542112,0.09790486097335815,0.9999792575836182,0.32097424211956227,0.134486299895105,-0.02945623014654434,0.3025162901197163,-0.10365735810427446,-0.05617287755012516,0.29816438754399643,-0.3124810215972721,-0.11262524766581407,0.06955431082418992,0.005033192357846673,0.09794518316075923,113,157,173,2.7433787346299323,Steep (good for irons),True,146.87756241957285,Good (slight bend is normal),0.0938149398927193,170,Good (max speed near impact),85,-3,2.75,44,16,219,46,78,Good
89,0.31700077652931213,0.1313607394695282,-0.029937369748950005,0.8160889744758606,0.3002016842365265,-0.10419668257236481,-0.05638395994901657,0.8619523048400879,0.2985868752002716,-0.3125554621219635,-0.11284514516592026,0.9999886751174927,0.07002273947000504,0.0050733499228954315,0.09732866287231445,0.9999794363975525,0.31506591325714495,0.1298297210818246,-0.02939495142726673,0.30044289571898347,-0.10501347127414892,-0.055421776537384344,0.29895521487508525,-0.312637432700112,-0.11215197472345269,0.06994959534633732,0.005222300821471786,0.09742761687153868,113,157,173,2.7433787346299323,Steep (good for irons),True,146.87756241957285,Good (slight bend is normal),0.0938149398927193,170,Good (max speed near impact),85,-3,2.75,44,16,219,46,78,Good
90,0.30756574869155884,0.12410232424736023,-0.029026025906205177,0.8193789720535278,0.298883855342865,-0.10700468719005585,-0.05302911251783371,0.865390956401825,0.30101248621940613,-0.3126515746116638,-0.11124109476804733,0.999988317489624,0.07058265060186386,0.005740056280046701,0.09664132446050644,0.9999796748161316,0.30749451546441964,0.12475884563866126,-0.029777557810857204,0.2982570869582042,-0.1068309698076476,-0.054097553271622925,0.3003816774913245,-0.31266204374177137,-0.11174555761473527,0.07049168823730384,0.005619229859716839,0.09669480153492527,113,157,173,2.7433787346299323,Steep (good for irons),True,146.87756241957285,Good (slight bend is normal),0.0938149398927193,170,Good (max speed near impact),85,-3,2.75,44,16,219,46,78,Good
91,0.300521582365036,0.11989428102970123,-0.030556729063391685,0.8232373595237732,0.29631975293159485,-0.10893870145082474,-0.05340762808918953,0.8690028786659241,0.30174416303634644,-0.3127268850803375,-0.11124354600906372,0.9999880790710449,0.07084353268146515,0.006095336750149727,0.09611526876688004,0.9999799132347107,0.30161108999025277,0.12117665367467072,-0.028372404742099008,0.2968129231816249,-0.10860172872032446,-0.0515149437955448,0.30246352297919155,-0.31272378138133483,-0.11094705866915847,0.07106820919684007,0.00623922120957148,0.09578485396646325,113,157,173,2.7433787346299323,Steep (good for irons),True,146.87756241957285,Good (slight bend is normal),0.0938149398927193,170,Good (max speed near impact),85,-3,2.75,44,16,219,46,78,Good
92,0.2946097254753113,0.11761603504419327,-0.028835413977503777,0.8339506387710571,0.29507195949554443,-0.11054664105176926,-0.0487915463745594,0.8760659098625183,0.30469685792922974,-0.3127993643283844,-0.11030279844999313,0.9999881386756897,0.07176585495471954,0.006913192104548216,0.09475114196538925,0.9999796152114868,0.2958218114716668,0.11778898359764198,-0.029964532525766484,0.29532462642306395,-0.1102436507741611,-0.050177680771975326,0.30469703532400605,-0.31274509288015845,-0.11064332617180696,0.07162488216445564,0.006871184245461515,0.09482605755329139,113,157,173,2.7433787346299323,Steep (good for irons),True,146.87756241957285,Good (slight bend is normal),0.0938149398927193,170,Good (max speed near impact),85,-3,2.75,44,16,219,46,78,Good
93,0.2939804494380951,0.11722995340824127,-0.0303452480584383,0.8433498740196228,0.2942737340927124,-0.11082780361175537,-0.04932524636387825,0.8821603059768677,0.3070584237575531,-0.3127022385597229,-0.11081208288669586,0.9999881386756897,0.07218733429908752,0.007496348582208157,0.09369376301765442,0.9999792575836182,0.2931661676792874,0.11617458789121546,-0.03365236396590871,0.2942620700313934,-0.11096947711138506,-0.050437073799825885,0.30675605365208236,-0.3125555188882921,-0.11090193263122022,0.0721978726131576,0.007322767971172225,0.09401341669616252,113,157,173,2.7433787346299323,Steep (good for irons),True,146.87756241957285,Good (slight bend is normal),0.0938149398927193,170,Good (max speed near impact),85,-3,2.75,44,16,219,46,78,Good
94,0.2891830801963806,0.11119453608989716,-0.04227595403790474,0.8509370684623718,0.29237300157546997,-0.11237205564975739,-0.052703700959682465,0.8867671489715576,0.3078538775444031,-0.31274765729904175,-0.11143403500318527,0.999988317489624,0.07265876978635788,0.0076651740819215775,0.09346865117549896,0.9999790787696838,0.28925786841483364,0.11159848031543558,-0.03911743588036018,0.29230006819679644,-0.11242587616046278,-0.05140740796923641,0.3078657161621823,-0.3127519488334658,-0.11107361742428379,0.07270112562747234,0.007736714623336287,0.093373980550539,113,157,173,2.7433787346299323,Steep (good for irons),True,146.87756241957285,Good (slight bend is normal),0.0938149398927193,170,Good (max speed near impact),85,-3,2.75,44,16,219,46,78,Good
95,0.28663358092308044,0.10782904922962189,-0.04601788893342018,0.8564139604568481,0.29030734300613403,-0.11352285742759705,-0.05431864783167839,0.8900179862976074,0.3082405626773834,-0.31280505657196045,-0.11163930594921112,0.9999883770942688,0.07305122166872025,0.007858289405703545,0.09321878850460052,0.99997878074646,0.2849887637864978,0.10503982717082622,-0.04579107933455993,0.28895065330323744,-0.11425201452913747,-0.05414705954137307,0.3075540321213861,-0.31321090317907807,-0.11162593960762032,0.07296348966303332,0.00794427141192414,0.09306907263540093,113,157,173,2.7433787346299323,Steep (good for irons),True,146.87756241957285,Good (slight bend is normal),0.0938149398927193,170,Good (max speed near impact),85,-3,2.75,44,16,219,46,78,Good
96,0.2752322256565094,0.09438604861497879,-0.05202855169773102,0.8546866178512573,0.28359800577163696,-0.11816154420375824,-0.05609513074159622,0.8894026875495911,0.30538272857666016,-0.3149122893810272,-0.11166568100452423,0.9999880790710449,0.07311136275529861,0.008273637853562832,0.09280643612146378,0.9999786019325256,0.27656222525097096,0.09742698712008346,-0.053437292930625775,0.2842602516923634,-0.1169503331184388,-0.05757162365175433,0.3058769631953469,-0.314389133737201,-0.11238315949837376,0.07313560375145509,0.008134551834137672,0.09287898916573759,113,157,173,2.7433787346299323,Steep (good for irons),True,146.87756241957285,Good (slight bend is normal),0.0938149398927193,170,Good (max speed near impact),85,-3,2.75,44,16,219,46,78,Good
97,0.27101659774780273,0.09068268537521362,-0.057061392813920975,0.8539665341377258,0.279583215713501,-0.12000605463981628,-0.05953923985362053,0.889130711555481,0.30417072772979736,-0.3160838186740875,-0.11280947923660278,0.9999880194664001,0.07313183695077896,0.008341427892446518,0.09267223626375198,0.9999786019325256,0.2684517587934223,0.0902835219388917,-0.05560456163116868,0.27973876964478284,-0.12129286783082154,-0.057647634829793695,0.3037824928760531,-0.3168705857935408,-0.11155573988244656,0.07313787263064161,0.008476322827239837,0.09276037060079127,113,157,173,2.7433787346299323,Steep (good for irons),True,146.87756241957285,Good (slight bend is normal),0.0938149398927193,170,Good (max speed near impact),85,-3,2.75,44,16,219,46,78,Good
98,0.2569672763347626,0.08547816425561905,-0.06544434279203415,0.8614640235900879,0.2757203280925751,-0.12498879432678223,-0.06247282028198242,0.8941329121589661,0.30138131976127625,-0.31946277618408203,-0.11309389770030975,0.9999885559082031,0.07308593392372131,0.008749071508646011,0.09266361594200134,0.99997878074646,0.26078885367938465,0.08453836753254851,-0.06268460906687241,0.27642555321965917,-0.1257713082290832,-0.06029889200414935,0.3019721593175618,-0.3197172511191597,-0.11241461372091664,0.07306809687898277,0.008814508051034956,0.09265156409570155,113,157,173,2.7433787346299323,Steep (good for irons),True,146.87756241957285,Good (slight bend is normal),0.0938149398927193,170,Good (max speed near impact),85,-3,2.75,44,16,219,46,78,Good
99,0.25760504603385925,0.08068210631608963,-0.06148139759898186,0.8684502840042114,0.275398313999176,-0.1313871145248413,-0.05684410780668259,0.8976661562919617,0.30115967988967896,-0.32338714599609375,-0.11013288050889969,0.999988853931427,0.07294482737779617,0.009269109927117825,0.09277085214853287,0.9999783635139465,0.256478140751521,0.08383428021555861,-0.073426379334359,0.2753015373434341,-0.12781334349087314,-0.06627062832315768,0.3014348660196579,-0.32121570337386385,-0.11618853679725111,0.07302163434880125,0.009093663477826693,0.09249379663240348,113,157,173,2.7433787346299323,Steep (good for irons),True,146.87756241957285,Good (slight bend is normal),0.0938149398927193,170,Good (max speed near impact),85,-3,2.75,44,16,219,46,78,Good
100,0.2535879909992218,0.08057725429534912,-0.08725863695144653,0.8758993744850159,0.27542465925216675,-0.13088999688625336,-0.07283145934343338,0.9014064073562622,0.3014200031757355,-0.32381805777549744,-0.1190008893609047,0.9999894499778748,0.07294096052646637,0.00928766094148159,0.09229490160942078,0.9999786615371704,0.2534692259061906,0.07989091426134115,-0.08098090333598007,0.2751573380969822,-0.13140972526300532,-0.06849945957461998,0.30128643910090147,-0.32416119178136216,-0.11591038427182615,0.07291412459952495,0.00932672202941918,0.09243454642239078,113,157,173,2.7433787346299323,Steep (good for irons),True,146.87756241957285,Good (slight bend is normal),0.0938149398927193,170,Good (max speed near impact),85,-3,2.75,44,16,219,46,78,Good
101,0.25356417894363403,0.08023099601268768,-0.08940806984901428,0.8842739462852478,0.2757240831851959,-0.1310960054397583,-0.07373778522014618,0.9070137739181519,0.3020817041397095,-0.32479193806648254,-0.11866282671689987,0.9999899864196777,0.07284300774335861,0.00938468798995018,0.09224371612071991,0.9999788403511047,0.25378325865382256,0.07450954704767188,-0.07990319831740295,0.27574215900330334,-0.13611782590548208,-0.0649712823686146,0.3017437301930929,-0.3281657298405968,-0.11213762526001257,0.07277842717511318,0.009400372526475367,0.09247630941016341,113,157,173,2.7433787346299323,Steep (good for irons),True,146.87756241957285,Good (slight bend is normal),0.0938149398927193,170,Good (max speed near impact),85,-3,2.75,44,16,219,46,78,Good
102,0.25190192461013794,0.06227815896272659,-0.06999249011278152,0.8934146761894226,0.2760258615016937,-0.1439427137374878,-0.0528460256755352,0.9128227233886719,0.30139267444610596,-0.3353339731693268,-0.09731258451938629,0.9999906420707703,0.07251132279634476,0.009384151548147202,0.09295616298913956,0.9999793171882629,0.25193281471729295,0.06635428805436411,-0.07340851727695698,0.27594996633983815,-0.14143046452885594,-0.057179323796715094,0.3016077606450946,-0.33345062959761873,-0.10245845821641747,0.0726013031034243,0.009388022213464698,0.09270048141479499,113,157,173,2.7433787346299323,Steep (good for irons),True,146.87756241957285,Good (slight bend is normal),0.0938149398927193,170,Good (max speed near impact),85,-3,2.75,44,16,219,46,78,Good
103,0.2519259750843048,0.056856896728277206,-0.05386800318956375,0.9019224047660828,0.27623751759529114,-0.1491534411907196,-0.04085049033164978,0.9182541966438293,0.3011768162250519,-0.3403192460536957,-0.08863144367933273,0.999991238117218,0.07232260704040527,0.009396032430231571,0.09327055513858795,0.9999794960021973,0.251968834371794,0.057857298602660534,-0.05937671483982181,0.27759345230602106,-0.14641767172586362,-0.04449724884969851,0.3018244277863278,-0.33914288026945955,-0.08643545245840442,0.07236545355547047,0.009413847344971846,0.09341565767923997,113,157,173,2.7433787346299323,Steep (good for irons),True,146.87756241957285,Good (slight bend is normal),0.0938149398927193,170,Good (max speed near impact),85,-3,2.75,44,16,219,46,78,Good
104,0.24654941260814667,0.047854822129011154,-0.05327780172228813,0.9035961627960205,0.2758266031742096,-0.14991901814937592,-0.03698531538248062,0.9179478883743286,0.299538254737854,-0.34458452463150024,-0.07186783850193024,0.9999915361404419,0.07194910943508148,0.009406575933098793,0.09400344640016556,0.9999799132347107,0.2472942946922213,0.048194381186649954,-0.05081196998556459,0.2757903394244968,-0.15025904845623755,-0.03579421430116611,0.29926381508509337,-0.34458958109219895,-0.07253553328059974,0.07182914337941584,0.009400762440193274,0.09421668024290183,113,157,173,2.7433787346299323,Steep (good for irons),True,146.87756241957285,Good (slight bend is normal),0.0938149398927193,170,Good (max speed near impact),85,-3,2.75,44,16,219,46,78,Good
105,0.24543370306491852,0.04448321834206581,-0.0533357635140419,0.902090311050415,0.27597925066947937,-0.14935436844825745,-0.03622407093644142,0.9154616594314575,0.29804614186286926,-0.3469875752925873,-0.0628332570195198,0.9999918341636658,0.07136306911706924,0.009384703822433949,0.09521099925041199,0.9999804496765137,0.24130699960958407,0.04128668745536183,-0.05419722305876872,0.271375799462909,-0.15175793497335355,-0.0353619812854699,0.2948388301190878,-0.34874679928734215,-0.06612881450426016,0.07107456667082655,0.009360157441170448,0.09486266935155513,113,157,173,2.7433787346299323,Steep (good for irons),True,146.87756241957285,Good (slight bend is normal),0.0938149398927193,170,Good (max speed near impact),85,-3,2.75,44,16,219,46,78,Good
106,0.22633099555969238,0.028390513733029366,-0.061750493943691254,0.9012231826782227,0.25978779792785645,-0.15602225065231323,-0.03736095130443573,0.9121708869934082,0.2865269184112549,-0.35372382402420044,-0.0634223073720932,0.9999923706054688,0.07004131376743317,0.009279325604438782,0.0953485369682312,0.9999810457229614,0.23040469487508156,0.03043473827364369,-0.06641949837406481,0.2630082496574949,-0.15568855688685473,-0.04009964175167541,0.2891956454231628,-0.3534156680107119,-0.06307214392083037,0.07033595584687738,0.00927978634302106,0.09532290342308233,113,157,173,2.7433787346299323,Steep (good for irons),True,146.87756241957285,Good (slight bend is normal),0.0938149398927193,170,Good (max speed near impact),85,-3,2.75,44,16,219,46,78,Good
107,0.22219708561897278,0.021243233233690262,-0.08276432752609253,0.899131715297699,0.2542412579059601,-0.16137142479419708,-0.046405717730522156,0.9084641337394714,0.28358039259910583,-0.3585704565048218,-0.06674794852733612,0.999992847442627,0.06965885311365128,0.009167746640741825,0.09539491683244705,0.9999815821647644,0.2188069919745129,0.019510750040700228,-0.07791829322065633,0.2534142867440271,-0.16163359511466263,-0.04589692680608662,0.2842106776578088,-0.3574066218875706,-0.06481999407211944,0.06984834266560423,0.00917954640906482,0.09544388630560474,113,157,173,2.7433787346299323,Steep (good for irons),True,146.87756241957285,Good (slight bend is normal),0.0938149398927193,170,Good (max speed near impact),85,-3,2.75,44,16,219,46,78,Good
108,0.20321835577487946,0.005789089482277632,-0.09764522314071655,0.8898530006408691,0.24301698803901672,-0.16895036399364471,-0.05656053125858307,0.903139591217041,0.2812924385070801,-0.3605407476425171,-0.06719078868627548,0.9999932646751404,0.06991992890834808,0.009084031917154789,0.09527846425771713,0.9999823570251465,0.2060793411164058,0.007826013562624305,-0.09423984055008214,0.24448457573141388,-0.168047770148232,-0.053297562968163306,0.28104894785654,-0.3604929801963627,-0.06734269892885576,0.06978659757546021,0.009088122729389447,0.09533357336407625,113,157,173,2.7433787346299323,Steep (good for irons),True,146.87756241957285,Good (slight bend is normal),0.0938149398927193,170,Good (max speed near impact),85,-3,2.75,44,16,219,46,78,Good
109,0.1985272318124771,0.0005903716082684696,-0.09953880310058594,0.8749691247940063,0.2403600662946701,-0.17267604172229767,-0.057074736803770065,0.8938377499580383,0.28123876452445984,-0.3612116277217865,-0.06842067837715149,0.9999935626983643,0.0701637789607048,0.00903711374849081,0.09529945254325867,0.9999827146530151,0.19768340743723384,0.001290298635250934,-0.10884619823523937,0.24005690287976056,-0.17181714162940082,-0.06023849813001501,0.28107157491502327,-0.3616598745187126,-0.070458149271352,0.07017092406749731,0.009014143564161806,0.09533393241110309,113,157,173,2.7433787346299323,Steep (good for irons),True,146.87756241957285,Good (slight bend is normal),0.0938149398927193,170,Good (max speed near impact),85,-3,2.75,44,16,219,46,78,Good
110,0.1882564276456833,-0.00821718666702509,-0.12575426697731018,0.8265225887298584,0.23609112203121185,-0.17569167912006378,-0.0652296245098114,0.8609253168106079,0.2811664342880249,-0.3627350628376007,-0.06986023485660553,0.9999932646751404,0.07062327861785889,0.009018098935484886,0.09536463767290115,0.999982476234436,0.18950884044170394,-0.007983308656895095,-0.11733550897666395,0.23632467502639423,-0.17599541871320645,-0.06319551702056617,0.2810631323428383,-0.36283275910786245,-0.06867895523707077,0.07056284234637311,0.009029354767075613,0.0953808561677025,113,157,173,2.7433787346299323,Steep (good for irons),True,146.87756241957285,Good (slight bend is normal),0.0938149398927193,170,Good (max speed near impact),85,-3,2.75,44,16,219,46,78,Good
111,0.18605154752731323,-0.010633742436766624,-0.12707072496414185,0.7864553928375244,0.23511451482772827,-0.1771836131811142,-0.06644060462713242,0.8340534567832947,0.2814609408378601,-0.36376333236694336,-0.0706658586859703,0.9999927878379822,0.07106219232082367,0.009044837206602097,0.09541397541761398,0.9999822378158569,0.18479316433270787,-0.014508377181343922,-0.12555358310540526,0.2343340260641917,-0.1787891785303753,-0.06586697715378947,0.2813646850131809,-0.363742245095117,-0.06740636857492588,0.07103121812854499,0.00909151265486366,0.09538227958338608,113,157,173,2.7433787346299323,Steep (good for irons),True,146.87756241957285,Good (slight bend is normal),0.0938149398927193,170,Good (max speed near impact),85,-3,2.75,44,16,219,46,78,Good
112,0.17963583767414093,-0.031242404133081436,-0.12870128452777863,0.7550721168518066,0.2322329431772232,-0.1860225945711136,-0.06453634798526764,0.8123073577880859,0.2814958393573761,-0.3664163053035736,-0.05351328104734421,0.9999924898147583,0.07144840061664581,0.00932733342051506,0.09533590078353882,0.9999825954437256,0.17942848588739135,-0.027026083514404813,-0.13611332433564333,0.23206540729318362,-0.1839899768431983,-0.06828915398745314,0.281505665608815,-0.3656810153098336,-0.05994929453091966,0.07164251130251663,0.009251378964455362,0.09522069210097911,113,157,173,2.7433787346299323,Steep (good for irons),True,146.87756241957285,Good (slight bend is normal),0.0938149398927193,170,Good (max speed near impact),85,-3,2.75,44,16,219,46,78,Good
113,0.17487521469593048,-0.0344887301325798,-0.14470110833644867,0.7136622071266174,0.22996722161769867,-0.18763595819473267,-0.07053638249635696,0.7855509519577026,0.2816207706928253,-0.3666187524795532,-0.0549495592713356,0.9999918341636658,0.07234318554401398,0.0094502754509449,0.09494415670633316,0.999982476234436,0.17932892981029705,-0.04136050705398835,-0.13975559104056595,0.23241215944290178,-0.19117573684170147,-0.064766223586741,0.28168922804650826,-0.3687342064721246,-0.04494756868197808,0.07222723038423634,0.009548256262427291,0.09508907262768071,113,157,173,2.7433787346299323,Steep (good for irons),True,146.87756241957285,Good (slight bend is normal),0.0938149398927193,170,Good (max speed near impact),85,-3,2.75,44,16,219,46,78,Good
114,0.1714143007993698,-0.05989553779363632,-0.15851621329784393,0.6908149719238281,0.22983966767787933,-0.19951672852039337,-0.06509292125701904,0.7653699517250061,0.2817677855491638,-0.3725370168685913,-0.02754875086247921,0.9999910593032837,0.07294543832540512,0.009879396297037601,0.09462354332208633,0.9999825358390808,0.16998812485308887,-0.054479479080154825,-0.15735140868595682,0.22926038148857314,-0.1976861627328965,-0.06491609911123916,0.28174176244508675,-0.3718021966162185,-0.03009426540562087,0.07283202807108566,0.009901363047815512,0.09473480603524623,113,157,173,2.7433787346299323,Steep (good for irons),True,146.87756241957285,Good (slight bend is normal),0.0938149398927193,170,Good (max speed near impact),85,-3,2.75,44,16,219,46,78,Good
115,0.16848547756671906,-0.06370141357183456,-0.16344700753688812,0.6825870871543884,0.22990985214710236,-0.20377960801124573,-0.058181144297122955,0.7549492120742798,0.2818336486816406,-0.3756491541862488,-0.012367945164442062,0.9999907612800598,0.07322846353054047,0.010300654917955399,0.09461560100317001,0.9999828338623047,0.15814216115645013,-0.0597464236475173,-0.17491510865234206,0.2240756083102455,-0.2010179942562468,-0.06522809359289355,0.28196132750738256,-0.3740475646087104,-0.020534117484376557,0.0733304523995945,0.010207559691653373,0.09426350536800573,113,157,173,2.7433787346299323,Steep (good for irons),True,146.87756241957285,Good (slight bend is normal),0.0938149398927193,170,Good (max speed near impact),85,-3,2.75,44,16,219,46,78,Good
116,0.12580901384353638,-0.06312460452318192,-0.21069499850273132,0.6324498057365417,0.21222086250782013,-0.2017517387866974,-0.07742279767990112,0.7133343815803528,0.2815021276473999,-0.3747000992298126,-0.01825055293738842,0.9999872446060181,0.07380945235490799,0.010439601726830006,0.09342734515666962,0.9999803304672241,0.13596245149771383,-0.06601483729623618,-0.19617723425229405,0.2167832929463615,-0.2030781805515291,-0.07154535856984916,0.28177062528474006,-0.3754557555630096,-0.014845058676742382,0.07377949250595917,0.01045537052587385,0.09356986660332914,113,157,173,2.7433787346299323,Steep (good for irons),True,146.87756241957285,Good (slight bend is normal),0.0938149398927193,170,Good (max speed near impact),85,-3,2.75,44,16,219,46,78,Good
117,0.11727254837751389,-0.06308705359697342,-0.20908500254154205,0.5891008377075195,0.20840224623680115,-0.20132842659950256,-0.07885687798261642,0.6777887940406799,0.2812980115413666,-0.37467148900032043,-0.019363246858119965,0.9999848008155823,0.07411227375268936,0.010471931658685207,0.0928771048784256,0.9999787211418152,0.10792729755242673,-0.06661819418271388,-0.22833113585199646,0.20879739381018153,-0.2013042782034194,-0.0976656253804409,0.2803033263910386,-0.375008175770442,-0.033478335433063076,0.0743810484806697,0.009947658826907483,0.09289170872597474,113,157,173,2.7433787346299323,Steep (good for irons),True,146.87756241957285,Good (slight bend is normal),0.0938149398927193,170,Good (max speed near impact),85,-3,2.75,44,16,219,46,78,Good
118,0.07946223020553589,-0.07979919761419296,-0.24506740272045135,0.5452053546905518,0.20339344441890717,-0.20376907289028168,-0.10583972185850143,0.6473008990287781,0.27851590514183044,-0.3745030164718628,-0.023033414036035538,0.9999834895133972,0.0748293325304985,0.010385886766016483,0.09193645417690277,0.9999775886535645,0.08589633199430653,-0.07595085601011917,-0.23991216293403098,0.20284509445939758,-0.20386280616124486,-0.09864947651069442,0.27820079667227626,-0.3743222951889041,-0.016765372295464803,0.07471070899849852,0.010314431839755611,0.09218604117631918,113,157,173,2.7433787346299323,Steep (good for irons),True,146.87756241957285,Good (slight bend is normal),0.0938149398927193,170,Good (max speed near impact),85,-3,2.75,44,16,219,46,78,Good
119,0.0714394673705101,-0.08319909870624542,-0.2558418810367584,0.5052093267440796,0.20136718451976776,-0.20642703771591187,-0.11673017591238022,0.6194678544998169,0.27486562728881836,-0.37406814098358154,-0.024121083319187164,0.9999825358390808,0.07498959451913834,0.010022624395787716,0.09188606590032578,0.999975860118866,0.07878001140696667,-0.08787304340373908,-0.22158795949958637,0.20184545857565755,-0.20930121839046495,-0.07079504942521458,0.2760596743651801,-0.3739067443779539,0.029603181318158218,0.07461838991869069,0.01184384932830221,0.09159093385651004,113,157,173,2.7433787346299323,Steep (good for irons),True,146.87756241957285,Good (slight bend is normal),0.0938149398927193,170,Good (max speed near impact),85,-3,2.75,44,16,219,46,78,Good
120,0.08150414377450943,-0.11054028570652008,-0.1720249056816101,0.4827176630496979,0.20095403492450714,-0.22331024706363678,0.002428375883027911,0.5909634828567505,0.2746933400630951,-0.3734126389026642,0.13271446526050568,0.9999817609786987,0.07368995249271393,0.015283331274986267,0.09092728048563004,0.9999762773513794,0.07591136722337638,-0.10633257066919698,-0.1932939234234039,0.20086924305983966,-0.22078814109166478,-0.03199085507852338,0.2744676570097607,-0.37354599861871657,0.08581484517171276,0.07386200555733277,0.014398383907973777,0.09085802379108618,113,157,173,2.7433787346299323,Steep (good for irons),True,146.87756241957285,Good (slight bend is normal),0.0938149398927193,170,Good (max speed near impact),85,-3,2.75,44,16,219,46,78,Good
121,0.08482662588357925,-0.11746758222579956,-0.14407169818878174,0.4602925181388855,0.2011643499135971,-0.22971205413341522,0.02430882677435875,0.5623510479927063,0.2746477723121643,-0.37311530113220215,0.14903028309345245,0.999980092048645,0.07276646792888641,0.017816482111811638,0.0900300070643425,0.9999757409095764,0.0889360305099261,-0.1184911046709334,-0.15963357757954383,0.20327737856478933,-0.23430049490361005,0.009008760719249657,0.274882712534496,-0.37339493348484976,0.1368765639407295,0.07256516636837101,0.01736864061760052,0.09025444799945473,113,157,173,2.7433787346299323,Steep (good for irons),True,146.87756241957285,Good (slight bend is normal),0.0938149398927193,170,Good (max speed near impact),85,-3,2.75,44,16,219,46,78,Good
122,0.08308688551187515,-0.14725568890571594,-0.13908998668193817,0.46525856852531433,0.20057930052280426,-0.25087878108024597,0.02015908621251583,0.5600772500038147,0.27544739842414856,-0.3739447295665741,0.14653706550598145,0.9999786615371704,0.07103700190782547,0.0197194404900074,0.08942095190286636,0.9999727010726929,0.08213535070951503,-0.1424968746446429,-0.13408526813700095,0.19955850853806464,-0.24549129676251202,0.030446313066585455,0.275933018752507,-0.37365047136942575,0.15938653264726924,0.07130912265607295,0.019735173632701254,0.08947925340561647,113,157,173,2.7433787346299323,Steep (good for irons),True,146.87756241957285,Good (slight bend is normal),0.0938149398927193,170,Good (max speed near impact),85,-3,2.75,44,16,219,46,78,Good
123,0.08354455232620239,-0.1498943269252777,-0.13939279317855835,0.45994308590888977,0.19936354458332062,-0.25237101316452026,0.017475171014666557,0.5481370091438293,0.2777034342288971,-0.3742617070674896,0.14279107749462128,0.9999768137931824,0.07031919062137604,0.020512007176876068,0.08914345502853394,0.9999701976776123,0.06105243297116392,-0.16341452868211848,-0.13560449190083015,0.19200210202307944,-0.24942794371218927,0.0162648973055184,0.2764569222927096,-0.37388602466810344,0.13818886343921943,0.07064148074104677,0.020367399922439043,0.08883996059497204,113,157,173,2.7433787346299323,Steep (good for irons),True,146.87756241957285,Good (slight bend is normal),0.0938149398927193,170,Good (max speed near impact),85,-3,2.75,44,16,219,46,78,Good
124,0.009851757436990738,-0.21020880341529846,-0.10922766476869583,0.44805461168289185,0.17196540534496307,-0.25083208084106445,0.01520850695669651,0.5389556884765625,0.27575862407684326,-0.3753206133842468,0.12319506704807281,0.9999772310256958,0.07006309926509857,0.020411336794495583,0.0880858451128006,0.9999719262123108,0.030212220558453195,-0.19812460314659858,-0.11044541010189632,0.1790491072904497,-0.25383294764019215,0.018112923062983025,0.27601345522063137,-0.3756288928645001,0.12951100298336582,0.06993592353094197,0.020563418134337395,0.08827872042145055,113,157,173,2.7433787346299323,Steep (good for irons),True,146.87756241957285,Good (slight bend is normal),0.0938149398927193,170,Good (max speed near impact),85,-3,2.75,44,16,219,46,78,Good
125,-0.0009091640822589397,-0.21918798983097076,-0.09535008668899536,0.43573853373527527,0.16625887155532837,-0.251452773809433,0.019408008083701134,0.5292871594429016,0.2746351361274719,-0.37663936614990234,0.12277060002088547,0.9999774694442749,0.06978067755699158,0.02030356414616108,0.08759517967700958,0.9999735355377197,-0.004001761143583631,-0.23383298587231427,-0.05668186746715084,0.1631470854793277,-0.25661178004174023,0.035151460518439634,0.2740500583535151,-0.37847939275559955,0.12687332466954285,0.06914923375561129,0.02035073598935492,0.08772459200450358,113,157,173,2.7433787346299323,Steep (good for irons),True,146.87756241957285,Good (slight bend is normal),0.0938149398927193,170,Good (max speed near impact),85,-3,2.75,44,16,219,46,78,Good
126,-0.025456635281443596,-0.2756141424179077,0.003911662846803665,0.4410121738910675,0.14956524968147278,-0.26787471771240234,0.059631332755088806,0.5326980948448181,0.27201342582702637,-0.3831281065940857,0.1329689621925354,0.9999779462814331,0.06781268864870071,0.02022339589893818,0.08721339702606201,0.99997478723526,-0.02590920993437372,-0.26307323858851495,-0.025464007276154717,0.15022404846690962,-0.2639026315439317,0.0494078173346463,0.2722948548339664,-0.3816855776877633,0.1294640160742261,0.06808582338548846,0.020164340202297494,0.08706071050394154,113,157,173,2.7433787346299323,Steep (good for irons),True,146.87756241957285,Good (slight bend is normal),0.0938149398927193,170,Good (max speed near impact),85,-3,2.75,44,16,219,46,78,Good
127,-0.0332222506403923,-0.2795065939426422,0.014455552212893963,0.4478459656238556,0.1427830159664154,-0.2725558876991272,0.06907042115926743,0.5381588935852051,0.27057307958602905,-0.3847159445285797,0.13823099434375763,0.9999787211418152,0.06670132279396057,0.020068274810910225,0.08651131391525269,0.9999761581420898,-0.02034993751329327,-0.26589579312574313,-0.043828893231139324,0.14795305828253438,-0.2694538774944489,0.0487158105132126,0.2727986758663543,-0.38326766377403654,0.13737743986504428,0.0670089742967061,0.020299003149072344,0.08613589122181853,113,157,173,2.7433787346299323,Steep (good for irons),True,146.87756241957285,Good (slight bend is normal),0.0938149398927193,170,Good (max speed near impact),85,-3,2.75,44,16,219,46,78,Good
128,-0.015581648796796799,-0.2662261426448822,-0.10282957553863525,0.4873831570148468,0.1460941582918167,-0.2782929837703705,0.03301651403307915,0.5693824291229248,0.27398088574409485,-0.38407206535339355,0.14101532101631165,0.9999801516532898,0.06628654897212982,0.020434927195310593,0.08543384075164795,0.9999768137931824,-0.023583018398355887,-0.27714151995522657,-0.06073890537733127,0.14485921888124387,-0.2790884304614296,0.04244486721498629,0.27303929130236326,-0.3842220632802875,0.14125475571269092,0.06624931842088705,0.02046224652301699,0.0856066143938474,113,157,173,2.7433787346299323,Steep (good for irons),True,146.87756241957285,Good (slight bend is normal),0.0938149398927193,170,Good (max speed near impact),85,-3,2.75,44,16,219,46,78,Good
129,-0.011585152707993984,-0.263222336769104,-0.1403137743473053,0.52260822057724,0.15097732841968536,-0.27992644906044006,0.01022523082792759,0.5979121923446655,0.2754814922809601,-0.3821430504322052,0.14254848659038544,0.9999814033508301,0.0660945475101471,0.02092921920120716,0.08456498384475708,0.9999773502349854,-0.03063400448965177,-0.28695840069225875,-0.07630880580594149,0.14286727564675478,-0.2900072066556842,0.034627425972194925,0.2723015050093335,-0.38459476118996055,0.14115703034968613,0.06598466457355595,0.02059645241215117,0.08557066073020306,113,157,173,2.7433787346299323,Steep (good for irons),True,146.87756241957285,Good (slight bend is normal),0.0938149398927193,170,Good (max speed near impact),85,-3,2.75,44,16,219,46,78,Good
130,-0.05431161820888519,-0.3252947926521301,-0.03022405318915844,0.5538837313652039,0.13710056245326996,-0.30941975116729736,0.03741535544395447,0.6250289082527161,0.27001893520355225,-0.38664886355400085,0.13808177411556244,0.9999818205833435,0.06590785086154938,0.020512236282229424,0.08645885437726974,0.9999773502349854,-0.04044361652008127,-0.3057342214243755,-0.08358832093931386,0.14100090449764624,-0.3021518403575536,0.02329701637583121,0.2715670537380947,-0.38580359305654277,0.13912989057245717,0.06582756340503698,0.02064827740901994,0.08571686453762514,113,157,173,2.7433787346299323,Steep (good for irons),True,146.87756241957285,Good (slight bend is normal),0.0938149398927193,170,Good (max speed near impact),85,-3,2.75,44,16,219,46,78,Good
131,-0.06007950380444527,-0.33216774463653564,-0.043838173151016235,0.5773327350616455,0.13532863557338715,-0.3155328631401062,0.03393567353487015,0.6439201831817627,0.26859766244888306,-0.3885236382484436,0.13652263581752777,0.9999824166297913,0.0655728206038475,0.02046102285385132,0.08629108220338821,0.9999772310256958,-0.04871177464900985,-0.32045947795822527,-0.07806437799618363,0.14066990358488912,-0.309943177870342,0.01539153933879876,0.2712184659072333,-0.3873763751415982,0.13811367963041588,0.06559062500794734,0.020551115097034563,0.08586791689906809,113,157,173,2.7433787346299323,Steep (good for irons),True,146.87756241957285,Good (slight bend is normal),0.0938149398927193,170,Good (max speed near impact),85,-3,2.75,44,16,219,46,78,Good
132,-0.043066784739494324,-0.32467514276504517,-0.13700222969055176,0.6039378046989441,0.14550064504146576,-0.3120635151863098,-0.021626247093081474,0.6671831011772156,0.2737615704536438,-0.3881497383117676,0.13322365283966064,0.9999833703041077,0.06567366421222687,0.02040155790746212,0.08515378832817078,0.9999768733978271,-0.05027453503793198,-0.33278398002897014,-0.10107573272571685,0.14328459969588697,-0.3150824833483925,-0.004597222787283719,0.2725142027650562,-0.38855594680422856,0.13399308423201253,0.06562230771496187,0.020375858726246032,0.08555020320983167,113,157,173,2.7433787346299323,Steep (good for irons),True,146.87756241957285,Good (slight bend is normal),0.0938149398927193,170,Good (max speed near impact),85,-3,2.75,44,16,219,46,78,Good
133,-0.03517705947160721,-0.321338027715683,-0.15476591885089874,0.6270907521247864,0.1528695523738861,-0.3097316026687622,-0.03316723555326462,0.6870346665382385,0.27689027786254883,-0.3879501223564148,0.13276319205760956,0.9999842643737793,0.06572916358709335,0.02034309320151806,0.08451724052429199,0.9999766945838928,-0.041008408225718024,-0.33150976896286033,-0.1600614411845095,0.15128523891880408,-0.3136058776151569,-0.0386909613651889,0.27594109092439945,-0.38811036518641906,0.1295912198367574,0.06590291467450918,0.020248654875017362,0.08500248087303985,113,157,173,2.7433787346299323,Steep (good for irons),True,146.87756241957285,Good (slight bend is normal),0.0938149398927193,170,Good (max speed near impact),85,-3,2.75,44,16,219,46,78,Good
134,-0.04550150781869888,-0.3582867980003357,-0.17522644996643066,0.6559913754463196,0.15409602224826813,-0.3206055462360382,-0.06289850175380707,0.7120195031166077,0.2782162129878998,-0.3878442943096161,0.1135040670633316,0.9999852776527405,0.06699687242507935,0.020041795447468758,0.08343308418989182,0.9999770522117615,-0.04129347559951604,-0.34927861037708485,-0.17816061384621135,0.15476310536974963,-0.3185747876053767,-0.06121391758677509,0.27877634763717674,-0.3878024348190856,0.11506811529397973,0.06692145800306688,0.020052164260830212,0.08331998082853505,113,157,173,2.7433787346299323,Steep (good for irons),True,146.87756241957285,Good (slight bend is normal),0.0938149398927193,170,Good (max speed near impact),85,-3,2.75,44,16,219,46,78,Good
135,-0.0467553548514843,-0.36479857563972473,-0.18188686668872833,0.6828692555427551,0.1551760733127594,-0.32476112246513367,-0.07356566190719604,0.7352409958839417,0.2801014184951782,-0.38770461082458496,0.10204315930604935,0.9999861121177673,0.06799208372831345,0.01977311260998249,0.08245901763439178,0.9999771118164062,-0.0511840576572078,-0.37624031731060603,-0.15273764694020872,0.15117670737561736,-0.32761150456610205,-0.06408722237462094,0.2796971358004072,-0.38797502006803264,0.09578369469160132,0.06827126017638621,0.019868005333202238,0.08048216076124289,113,157,173,2.7433787346299323,Steep (good for irons),True,146.87756241957285,Good (slight bend is normal),0.0938149398927193,170,Good (max speed near impact),85,-3,2.75,44,16,219,46,78,Good
136,-0.06417696923017502,-0.41287103295326233,-0.10608512908220291,0.6693693399429321,0.14399492740631104,-0.34022730588912964,-0.060264814645051956,0.7308557033538818,0.2806975543498993,-0.3883422017097473,0.06391344219446182,0.9999825358390808,0.07052258402109146,0.019758976995944977,0.0757112056016922,0.9999755024909973,-0.06197060963937219,-0.40236229839779114,-0.12185372766994304,0.1456056684255601,-0.33696997165679954,-0.06545500262152586,0.2805464636711849,-0.38825359656697256,0.07059084703879702,0.07014659721226923,0.019736044818446763,0.07704560565096996,113,157,173,2.7433787346299323,Steep (good for irons),True,146.87756241957285,Good (slight bend is normal),0.0938149398927193,170,Good (max speed near impact),85,-3,2.75,44,16,219,46,78,Good
137,-0.0722571536898613,-0.41913971304893494,-0.07335735112428665,0.6539396643638611,0.13737507164478302,-0.3434656858444214,-0.05436958000063896,0.723794162273407,0.28067120909690857,-0.3887079358100891,0.05265108495950699,0.9999792575836182,0.07169903814792633,0.019726956263184547,0.07309117913246155,0.9999739527702332,-0.06950500873582709,-0.41347954670588205,-0.08917930190052312,0.14100330216544027,-0.34096574073746116,-0.05792812346702535,0.2808123358658384,-0.38858312936056255,0.052308719339115316,0.07191564036267149,0.019704732245632593,0.07398192832867309,113,157,173,2.7433787346299323,Steep (good for irons),True,146.87756241957285,Good (slight bend is normal),0.0938149398927193,170,Good (max speed near impact),85,-3,2.75,44,16,219,46,78,Good
138,-0.07333110272884369,-0.4257866442203522,-0.08197615295648575,0.6651210784912109,0.13989996910095215,-0.34697410464286804,-0.06373290717601776,0.7239199280738831,0.2828570008277893,-0.38862526416778564,0.028572553768754005,0.9999776482582092,0.07415106892585754,0.01969767175614834,0.0722355842590332,0.9999690651893616,-0.07420683084499273,-0.4294591985997703,-0.07675143650599894,0.13869064478647153,-0.3485270653452195,-0.06146981549404921,0.2824367256391618,-0.3887244619074325,0.030868696337122314,0.07391004690102174,0.01970721736905122,0.07185655903248565,113,157,173,2.7433787346299323,Steep (good for irons),True,146.87756241957285,Good (slight bend is normal),0.0938149398927193,170,Good (max speed near impact),85,-3,2.75,44,16,219,46,78,Good
139,-0.07403737306594849,-0.4268314838409424,-0.08860445022583008,0.6669933199882507,0.1409005969762802,-0.34892916679382324,-0.06423492729663849,0.7167383432388306,0.2837409973144531,-0.3885267972946167,0.026927625760436058,0.9999747276306152,0.0753558874130249,0.019694263115525246,0.07164671272039413,0.9999632835388184,-0.07277405865135653,-0.43790063403901625,-0.09263265345777791,0.14122397488071814,-0.3545754197097962,-0.07503543102315499,0.28613440621466885,-0.38843854552223595,0.015041476747553274,0.07573295384645468,0.019676794519736668,0.07130668560663864,113,157,173,2.7433787346299323,Steep (good for irons),True,146.87756241957285,Good (slight bend is normal),0.0938149398927193,170,Good (max speed near impact),85,-3,2.75,44,16,219,46,78,Good
140,-0.07130924612283707,-0.47058507800102234,-0.11506243050098419,0.6817275881767273,0.14198175072669983,-0.3735237419605255,-0.09784378111362457,0.7215349674224854,0.29203078150749207,-0.38776013255119324,-0.007552657276391983,0.9999695420265198,0.0778784528374672,0.019673872739076614,0.07057476043701172,0.9999546408653259,-0.07273252911510927,-0.4605909898167568,-0.10774342006161107,0.1418585486355283,-0.3674196700255079,-0.08724262955642888,0.29106169371377877,-0.38769227975890774,0.003257158323235456,0.07766785720984146,0.019667832801739386,0.07054364042622707,113,157,173,2.7433787346299323,Steep (good for irons),True,146.87756241957285,Good (slight bend is normal),0.0938149398927193,170,Good (max speed near impact),85,-3,2.75,44,16,219,46,78,Good
141,-0.07284468412399292,-0.4792308509349823,-0.11674632877111435,0.6977369785308838,0.14201407134532928,-0.37792518734931946,-0.09704286605119705,0.7318481206893921,0.29664158821105957,-0.38673466444015503,-0.002883223118260503,0.999967098236084,0.07924749702215195,0.01965588890016079,0.06951428204774857,0.9999526143074036,-0.07585957291580388,-0.48586587253071045,-0.11126201954625911,0.1385896298147384,-0.382176369428635,-0.09079078549430492,0.29546537569591,-0.38690302627427264,0.0032257167788754633,0.0791978293231556,0.01970075895743712,0.06962174638396224,113,157,173,2.7433787346299323,Steep (good for irons),True,146.87756241957285,Good (slight bend is normal),0.0938149398927193,170,Good (max speed near impact),85,-3,2.75,44,16,219,46,78,Good
142,-0.08240002393722534,-0.5197535157203674,-0.10765885561704636,0.7163137793540955,0.13103429973125458,-0.40156272053718567,-0.08853413909673691,0.745568573474884,0.2986172139644623,-0.38521695137023926,0.01010922435671091,0.9999645352363586,0.08053537458181381,0.019753502681851387,0.068671315908432,0.9999516010284424,-0.08075004603181572,-0.5137484371662144,-0.10972319649798537,0.13276101506891713,-0.3988332450389865,-0.09332914969750819,0.2985197248912995,-0.3854290232771922,0.004395949845534886,0.08048834651708608,0.0197519183691059,0.06870297732807346,113,157,173,2.7433787346299323,Steep (good for irons),True,146.87756241957285,Good (slight bend is normal),0.0938149398927193,170,Good (max speed near impact),85,-3,2.75,44,16,219,46,78,Good
143,-0.08787651360034943,-0.5281999111175537,-0.09856009483337402,0.7310501933097839,0.12519170343875885,-0.4093291759490967,-0.08426999300718307,0.7544823288917542,0.29864782094955444,-0.384231299161911,0.016870327293872833,0.9999625086784363,0.08120286464691162,0.01984657160937786,0.06805559247732162,0.9999520182609558,-0.08578983836230783,-0.5303291862919222,-0.1056295810710817,0.12635056497085673,-0.4095170143104738,-0.09366872303542643,0.2993167638778689,-0.38303399369830204,0.008676061622931495,0.08121685506332493,0.019805693555445914,0.06793353742077242,113,157,173,2.7433787346299323,Steep (good for irons),True,146.87756241957285,Good (slight bend is normal),0.0938149398927193,170,Good (max speed near impact),85,-3,2.75,44,16,219,46,78,Good
144,-0.08909841626882553,-0.553492546081543,-0.10729546844959259,0.7566145062446594,0.12014476954936981,-0.42555907368659973,-0.1045050173997879,0.777619481086731,0.29852932691574097,-0.3805326819419861,0.0008327699615620077,0.9999628067016602,0.08171757310628891,0.01983334869146347,0.06732775270938873,0.9999545812606812,-0.089321598765396,-0.5505670990262717,-0.1066810261635554,0.12050996295043409,-0.4240015787737713,-0.10013537321771901,0.298853207202185,-0.38085542264438843,0.004576696351813599,0.08176791845333015,0.019842972358067847,0.06738151858250305,113,157,173,2.7433787346299323,Steep (good for irons),True,146.87756241957285,Good (slight bend is normal),0.0938149398927193,170,Good (max speed near impact),85,-3,2.75,44,16,219,46,78,Good
145,-0.08926231414079666,-0.5563559532165527,-0.11556410044431686,0.7796801328659058,0.11853589862585068,-0.4291785955429077,-0.11314026266336441,0.7984760999679565,0.29867053031921387,-0.378064900636673,-0.005821332335472107,0.9999632835388184,0.082135409116745,0.019816067069768906,0.06688502430915833,0.9999568462371826,-0.09061416699772795,-0.5606798472858614,-0.11246496048711604,0.11781183630228051,-0.4335685911632723,-0.10773554515270967,0.29768593680290967,-0.37914979315939434,-0.0018577086462062756,0.0821015316815604,0.01982231810688974,0.06704934792859218,113,157,173,2.7433787346299323,Steep (good for irons),True,146.87756241957285,Good (slight bend is normal),0.0938149398927193,170,Good (max speed near impact),85,-3,2.75,44,16,219,46,78,Good
146,-0.09312106668949127,-0.5827765464782715,-0.11411591619253159,0.7986880540847778,0.11387044191360474,-0.4512207806110382,-0.10797176510095596,0.8152942061424255,0.29481837153434753,-0.37964072823524475,-0.0047306944616138935,0.9999616742134094,0.08238779753446579,0.019797833636403084,0.06691383570432663,0.9999579191207886,-0.09288647451571062,-0.5781511039960956,-0.11410288051480347,0.11406906729652776,-0.4468690809749425,-0.10977050236293255,0.2951528359027138,-0.37908058932849364,-0.005289018955192577,0.08237873017787939,0.019781054928898825,0.06683623648825152,113,157,173,2.7433787346299323,Steep (good for irons),True,146.87756241957285,Good (slight bend is normal),0.0938149398927193,170,Good (max speed near impact),85,-3,2.75,44,16,219,46,78,Good
147,-0.09582110494375229,-0.5845012068748474,-0.11367177963256836,0.8163414597511292,0.11167792975902557,-0.45421355962753296,-0.10429289937019348,0.8310756683349609,0.2923608124256134,-0.3803229033946991,-0.0010426139924675226,0.9999617338180542,0.08260044455528259,0.019724542275071144,0.0668264850974083,0.9999598264694214,-0.0968105580125537,-0.5940147524788271,-0.10944576632408878,0.11014216996374593,-0.4592162200382781,-0.10374875969830022,0.2917723357677462,-0.38090932369232205,-0.00023585187071668238,0.0826870841639383,0.019779152458622357,0.06653869364942828,113,157,173,2.7433787346299323,Steep (good for irons),True,146.87756241957285,Good (slight bend is normal),0.0938149398927193,170,Good (max speed near impact),85,-3,2.75,44,16,219,46,78,Good
148,-0.10077419877052307,-0.618212878704071,-0.09851537644863129,0.8286370038986206,0.1041671484708786,-0.47374582290649414,-0.09650824218988419,0.8417567014694214,0.2875833511352539,-0.3842889070510864,0.0010698497062548995,0.9999566078186035,0.08289355039596558,0.019718609750270844,0.06645599752664566,0.9999605417251587,-0.10022058515321648,-0.6107896736689981,-0.10300052698169443,0.10575556684108015,-0.4705207191762474,-0.0977845184859776,0.2885089105083831,-0.383860467445283,0.0015845791758259862,0.08294955392678585,0.019732940143772547,0.06648612873894832,113,157,173,2.7433787346299323,Steep (good for irons),True,146.87756241957285,Good (slight bend is normal),0.0938149398927193,170,Good (max speed near impact),85,-3,2.75,44,16,219,46,78,Good
149,-0.10279841721057892,-0.6210610270500183,-0.09918927401304245,0.840244710445404,0.10273899883031845,-0.4769520163536072,-0.09486028552055359,0.8515164852142334,0.2863747477531433,-0.38656085729599,0.004369031637907028,0.9999541640281677,0.08330200612545013,0.019694535061717033,0.06617250293493271,0.9999613761901855,-0.10136165718237566,-0.618982124896277,-0.10088443649666658,0.10260451301222764,-0.4744688982055304,-0.09639698976562144,0.2865625463780905,-0.3866601274127055,-0.003967304381408864,0.08312744363432845,0.01958131577287403,0.06674069237141388,113,157,173,2.7433787346299323,Steep (good for irons),True,146.87756241957285,Good (slight bend is normal),0.0938149398927193,170,Good (max speed near impact),85,-3,2.75,44,16,219,46,78,Good
150,-0.09954148530960083,-0.6242005228996277,-0.10139915347099304,0.8454992771148682,0.10026031732559204,-0.4765138030052185,-0.09659899771213531,0.8494880795478821,0.28589707612991333,-0.38977712392807007,-0.01516645960509777,0.9999414682388306,0.08316976577043533,0.019336681813001633,0.06760445237159729,0.9999567866325378,-0.09986103716350744,-0.6254220491363893,-0.10195439841066095,0.10036721825599677,-0.4773013137635734,-0.0972798108344987,0.285636630796251,-0.38944129858698195,-0.012230587164161824,0.0831929342377754,0.01933074192631814,0.06734488301333932,113,157,173,2.7433787346299323,Steep (good for irons),True,146.87756241957285,Good (slight bend is normal),0.0938149398927193,170,Good (max speed near impact),85,-3,2.75,44,16,219,46,78,Good
151,-0.09598363190889359,-0.6212498545646667,-0.10958994925022125,0.8509687781333923,0.10006259381771088,-0.4735628366470337,-0.10221683979034424,0.8493938446044922,0.2858074903488159,-0.39118942618370056,-0.026938753202557564,0.9999307990074158,0.08306539803743362,0.018962200731039047,0.06838101148605347,0.9999527931213379,-0.09573904141074142,-0.623943530377888,-0.11369830050638752,0.10049628963073101,-0.4760405563172843,-0.10456019391616192,0.2859266542253042,-0.39105130661101595,-0.021461999077083828,0.08310815230721524,0.01901740119570779,0.06809228197449735,113,157,173,2.7433787346299323,Steep (good for irons),True,146.87756241957285,Good (slight bend is normal),0.0938149398927193,170,Good (max speed near impact),85,-3,2.75,44,16,219,46,78,Good
152,-0.09103015065193176,-0.6274915337562561,-0.10839614272117615,0.8552794456481934,0.09926185011863708,-0.47863131761550903,-0.10095717012882233,0.8497545123100281,0.28628024458885193,-0.39285752177238464,-0.022582879289984703,0.9999211430549622,0.08301977813243866,0.018725212663412094,0.06890524923801422,0.9999512434005737,-0.09155258500859859,-0.6262874972252623,-0.10655607806429984,0.09929341716425767,-0.4783397728488562,-0.10016185080721271,0.2861700583071938,-0.3928672671318057,-0.026320300164765564,0.08300599065564934,0.018751842989808053,0.0689353588081542,113,157,173,2.7433787346299323,Steep (good for irons),True,146.87756241957285,Good (slight bend is normal),0.0938149398927193,170,Good (max speed near impact),85,-3,2.75,44,16,219,46,78,Good
153,-0.08808587491512299,-0.6287583708763123,-0.1074090227484703,0.8582809567451477,0.09892566502094269,-0.4820312261581421,-0.09979507327079773,0.8468484282493591,0.28643643856048584,-0.3937338888645172,-0.023597538471221924,0.9999139904975891,0.08294013142585754,0.018616994842886925,0.06937023997306824,0.9999496340751648,-0.08939694684176225,-0.6291879046530955,-0.08451703106541016,0.09636479013022929,-0.4816364021528338,-0.08415751416413564,0.286273294971103,-0.3943023199126837,-0.0208851516834416,0.08305361795993084,0.01863112096630393,0.06939695881945751,113,157,173,2.7433787346299323,Steep (good for irons),True,146.87756241957285,Good (slight bend is normal),0.0938149398927193,170,Good (max speed near impact),85,-3,2.75,44,16,219,46,78,Good
154,-0.08794992417097092,-0.6345598101615906,-0.0305006243288517,0.8270446062088013,0.09190438687801361,-0.48920848965644836,-0.04802020266652107,0.8109065890312195,0.28626173734664917,-0.3971814215183258,-0.012095272541046143,0.9998947381973267,0.0831315815448761,0.0186193585395813,0.07075180113315582,0.9999484419822693,-0.08775693923234945,-0.6343004448073255,-0.04817215583863716,0.09266157767602382,-0.48802807927131686,-0.058521494801555406,0.2861843137514026,-0.39660651485125253,-0.011168953663270396,0.08307713163750519,0.01860152850193638,0.07073569723537995,113,157,173,2.7433787346299323,Steep (good for irons),True,146.87756241957285,Good (slight bend is normal),0.0938149398927193,170,Good (max speed near impact),85,-3,2.75,44,16,219,46,78,Good
155,-0.08795060217380524,-0.6373057961463928,-0.010204988531768322,0.7981760501861572,0.08730842918157578,-0.49105560779571533,-0.029754916206002235,0.7782993912696838,0.28579050302505493,-0.3985419273376465,0.000452569336630404,0.9998777508735657,0.08317292481660843,0.01862100511789322,0.07196273654699326,0.9999475479125977,-0.08581891904274629,-0.6382222062065492,-0.01910246318827074,0.08962329796382365,-0.4944289411817282,-0.03817516596366964,0.2867753136725655,-0.399440842015403,-0.005801925285985433,0.08327797871260423,0.01859388731065252,0.0725670694595292,113,157,173,2.7433787346299323,Steep (good for irons),True,146.87756241957285,Good (slight bend is normal),0.0938149398927193,170,Good (max speed near impact),85,-3,2.75,44,16,219,46,78,Good
156,-0.08293271064758301,-0.6439682841300964,0.01651369221508503,0.7601160407066345,0.08870445936918259,-0.503860354423523,-0.013919612392783165,0.7355698347091675,0.2857837975025177,-0.40283098816871643,0.008105436339974403,0.9998624324798584,0.0828692689538002,0.018604552373290062,0.0760100930929184,0.9999468922615051,-0.08337010833479115,-0.6428855004764743,0.018619111073868627,0.08807270122425903,-0.5018268185002467,-0.012156916516167786,0.2857894343989238,-0.4024066953431995,0.008118154381268797,0.08296736400751847,0.018602006314765853,0.07535844757443388,113,157,173,2.7433787346299323,Steep (good for irons),True,146.87756241957285,Good (slight bend is normal),0.0938149398927193,170,Good (max speed near impact),85,-3,2.75,44,16,219,46,78,Good
157,-0.07944696396589279,-0.6449370384216309,0.017979690805077553,0.7247896790504456,0.08930794149637222,-0.5073700547218323,-0.012343316338956356,0.6963779926300049,0.2859501838684082,-0.40493735671043396,0.010728240944445133,0.9998463988304138,0.08275799453258514,0.018598152324557304,0.07789741456508636,0.9999455213546753,-0.0808881248037021,-0.6482850483485635,0.0477617986588961,0.08830042183399207,-0.5073089259011409,0.007465442953010405,0.2829343704950244,-0.4043183000314806,0.022060394237217108,0.08246121945835301,0.018644032733781013,0.0785683460888409,113,157,173,2.7433787346299323,Steep (good for irons),True,146.87756241957285,Good (slight bend is normal),0.0938149398927193,170,Good (max speed near impact),85,-3,2.75,44,16,219,46,78,Good
158,-0.07964546978473663,-0.6478729844093323,0.09714975208044052,0.6672125458717346,0.08944997191429138,-0.511867880821228,0.04362717643380165,0.6407704949378967,0.2775622606277466,-0.4059544801712036,0.0538136325776577,0.9998184442520142,0.0802164226770401,0.018706941977143288,0.08219726383686066,0.999945342540741,-0.07924830239443557,-0.6462656940732688,0.07173014645065585,0.08937730072509681,-0.5106639379546759,0.028111813323838393,0.2790924977688564,-0.4060658784139727,0.04491192043670235,0.08049244007893977,0.018711146499429444,0.08186859211751399,113,157,173,2.7433787346299323,Steep (good for irons),True,146.87756241957285,Good (slight bend is normal),0.0938149398927193,170,Good (max speed near impact),85,-3,2.75,44,16,219,46,78,Good
159,-0.08037826418876648,-0.6452105641365051,0.09300407767295837,0.6174591779708862,0.08865723013877869,-0.5091899633407593,0.0458398163318634,0.5926002860069275,0.27397584915161133,-0.40604597330093384,0.06284591555595398,0.9997967481613159,0.07875975221395493,0.01882479526102543,0.08440543711185455,0.999945878982544,-0.08063548767850517,-0.6393126107397538,0.07882002271002253,0.0893677710777238,-0.5122362630707882,0.03992857486896574,0.27529805614834757,-0.40687279474167626,0.07015360461636673,0.07753119156474164,0.018769360812647018,0.08411280668917162,113,157,173,2.7433787346299323,Steep (good for irons),True,146.87756241957285,Good (slight bend is normal),0.0938149398927193,170,Good (max speed near impact),85,-3,2.75,44,16,219,46,78,Good
160,-0.08101698011159897,-0.6150251626968384,0.05711962282657623,0.5977458953857422,0.09193076193332672,-0.5073960423469543,0.039681486785411835,0.5689291954040527,0.27344071865081787,-0.40799543261528015,0.0987149104475975,0.9998018741607666,0.07283468544483185,0.018815014511346817,0.08609584718942642,0.9999478459358215,-0.08156571182466693,-0.6202902793884282,0.07097890884393743,0.09210520663431719,-0.5076631747540977,0.04176376387476924,0.27354175703866157,-0.40743714854830815,0.0889707364674126,0.07436975304569522,0.01882960851348583,0.08580129806484502,113,157,173,2.7433787346299323,Steep (good for irons),True,146.87756241957285,Good (slight bend is normal),0.0938149398927193,170,Good (max speed near impact),85,-3,2.75,44,16,219,46,78,Good
161,-0.0841015875339508,-0.6033928394317627,0.04046386107802391,0.5932693481445312,0.0921531617641449,-0.5050752758979797,0.026408305391669273,0.5624536275863647,0.27382105588912964,-0.4077966511249542,0.09727296978235245,0.9998109936714172,0.07052310556173325,0.018784446641802788,0.08617493510246277,0.9999498128890991,-0.08279477769420267,-0.6028198003768925,0.05332724945176219,0.09201411051409591,-0.5004164604913625,0.03449938719027811,0.27345517845380896,-0.407621651887894,0.0970858044567563,0.07038969794909164,0.018854542147545603,0.08663383977753782,113,157,173,2.7433787346299323,Steep (good for irons),True,146.87756241957285,Good (slight bend is normal),0.0938149398927193,170,Good (max speed near impact),85,-3,2.75,44,16,219,46,78,Good
162,-0.07902877032756805,-0.5626755356788635,0.03186379373073578,0.5658026337623596,0.09956810623407364,-0.4762835204601288,0.026132406666874886,0.5425795912742615,0.27516788244247437,-0.4071163237094879,0.09482986479997635,0.9998117685317993,0.06778732687234879,0.01884371042251587,0.08721232414245605,0.9999533295631409,-0.08034262096598041,-0.5694011052449548,0.028854055773644242,0.09459194860288081,-0.4812730607532323,0.02889109885187023,0.27276170679501144,-0.40778933110691284,0.10130356145756593,0.06595342943356156,0.01875928647461393,0.08758550775902618,113,157,173,2.7433787346299323,Steep (good for irons),True,146.87756241957285,Good (slight bend is normal),0.0938149398927193,170,Good (max speed near impact),85,-3,2.75,44,16,219,46,78,Good
163,-0.07912340760231018,-0.5562360882759094,0.030584581196308136,0.5451270341873169,0.09130334854125977,-0.46307557821273804,0.0340927392244339,0.5258955955505371,0.27138981223106384,-0.4060906767845154,0.10390311479568481,0.9998169541358948,0.061135195195674896,0.018697213381528854,0.08837991952896118,0.9999565482139587,-0.0800006868583816,-0.5403679339658651,0.005828673463492173,0.0974659639455024,-0.4559212965624676,0.02325675807272396,0.2734647393226626,-0.4059382932526728,0.1003746383246922,0.0625970228796914,0.01873858902780784,0.08805739063592191,113,157,173,2.7433787346299323,Steep (good for irons),True,146.87756241957285,Good (slight bend is normal),0.0938149398927193,170,Good (max speed near impact),85,-3,2.75,44,16,219,46,78,Good
164,-0.0647546797990799,-0.46966612339019775,-0.06312911957502365,0.5530486702919006,0.11137540638446808,-0.41095975041389465,0.003898840630427003,0.5302190780639648,0.27340635657310486,-0.4048466980457306,0.09799868613481522,0.9998310208320618,0.05923107638955116,0.018325116485357285,0.08886224031448364,0.9999588131904602,-0.0662415114985336,-0.4843218227227532,-0.04124401296888082,0.11019953624123627,-0.41569337390718036,0.007834426071938311,0.27561635488555564,-0.4029226842380708,0.10157216233866562,0.05989186962445581,0.018501507561831262,0.08823643660261524,113,157,173,2.7433787346299323,Steep (good for irons),True,146.87756241957285,Good (slight bend is normal),0.0938149398927193,170,Good (max speed near impact),85,-3,2.75,44,16,219,46,78,Good
165,-0.06095738708972931,-0.4513659179210663,-0.08031730353832245,0.5749897360801697,0.12194446474313736,-0.38642147183418274,-0.01085930597037077,0.5539783835411072,0.2810170352458954,-0.3979983627796173,0.10396986454725266,0.9998445510864258,0.059058427810668945,0.01831085979938507,0.08729156106710434,0.9999608397483826,-0.044715736881785484,-0.42727417463348055,-0.10855439056952804,0.12956070935442343,-0.3777495225270592,-0.02802600673887703,0.28158364125660507,-0.3992380769479845,0.09078998721781238,0.05941544898918701,0.017822902915733213,0.08734163145224261,113,157,173,2.7433787346299323,Steep (good for irons),True,146.87756241957285,Good (slight bend is normal),0.0938149398927193,170,Good (max speed near impact),85,-3,2.75,44,16,219,46,78,Good
166,-0.004846546798944473,-0.33710095286369324,-0.16485080122947693,0.5873448252677917,0.15821531414985657,-0.32516980171203613,-0.05113561823964119,0.5558730959892273,0.2830237150192261,-0.3955514430999756,0.09136219322681427,0.9998573064804077,0.059297267347574234,0.01701948791742325,0.08705470710992813,0.9999610185623169,-0.0170084841638094,-0.36382033569472205,-0.14868575405506873,0.15085322161515563,-0.3397154027507421,-0.04084154738423728,0.2820305341765996,-0.396290210031328,0.094332737227281,0.05907847501692322,0.017052393229234797,0.08714407292150322,113,157,173,2.7433787346299323,Steep (good for irons),True,146.87756241957285,Good (slight bend is normal),0.0938149398927193,170,Good (max speed near impact),85,-3,2.75,44,16,219,46,78,Good
167,0.0069407192058861256,-0.3275302052497864,-0.17703232169151306,0.5964614152908325,0.1669842004776001,-0.31917455792427063,-0.06282835453748703,0.5538846254348755,0.2836374044418335,-0.39474737644195557,0.08212175220251083,0.999868631362915,0.059128791093826294,0.015906648710370064,0.08677531033754349,0.9999608993530273,-0.00302404021134689,-0.32985687255859397,-0.12305846331374995,0.1560678215963501,-0.32042227330661976,-0.011810643044078644,0.27230027459916634,-0.39712159122739543,0.12506857691776194,0.0558582957656611,0.016583930434925228,0.08851395015205663,113,157,173,2.7433787346299323,Steep (good for irons),True,146.87756241957285,Good (slight bend is normal),0.0938149398927193,170,Good (max speed near impact),85,-3,2.75,44,16,219,46,78,Good
168,0.018115440383553505,-0.2766770124435425,-0.07676462829113007,0.582825243473053,0.16305355727672577,-0.2915855050086975,0.0453193373978138,0.5337985157966614,0.2535945475101471,-0.3963296413421631,0.1628897339105606,0.9998787045478821,0.05103596672415733,0.016043424606323242,0.09170469641685486,0.9999633431434631,0.01856820138969593,-0.2714571158091229,-0.10521199767078679,0.1671077892893838,-0.2875017999183566,0.010990545419710033,0.2598637995265781,-0.395626403036572,0.13513276566352173,0.05209071685870492,0.015927530825138106,0.09094196841830304,113,157,173,2.7433787346299323,Steep (good for irons),True,146.87756241957285,Good (slight bend is normal),0.0938149398927193,170,Good (max speed near impact),85,-3,2.75,44,16,219,46,78,Good
169,0.008740714751183987,-0.2597067952156067,-0.028251465409994125,0.5628909468650818,0.15692086517810822,-0.27861297130584717,0.06853312999010086,0.5153083205223083,0.24233725666999817,-0.39729389548301697,0.17497830092906952,0.9998882412910461,0.04604347422719002,0.016026202589273453,0.09434980899095535,0.9999659061431885,0.026519504087489293,-0.2277924712924732,-0.09108370276434088,0.17555246253808354,-0.25372623120035465,0.021002548436323817,0.2508001355897814,-0.3896512786547346,0.13073429478598503,0.0490780231498537,0.01540649961680175,0.09307721753915157,113,157,173,2.7433787346299323,Steep (good for irons),True,146.87756241957285,Good (slight bend is normal),0.0938149398927193,170,Good (max speed near impact),85,-3,2.75,44,16,219,46,78,Good
170,0.08228129148483276,-0.1211353987455368,-0.1520695835351944,0.5352991223335266,0.21646177768707275,-0.18953491747379303,-0.030724436044692993,0.49851614236831665,0.2550579011440277,-0.3755740523338318,0.05738541856408119,0.9998962879180908,0.049860142171382904,0.013911215588450432,0.09419513493776321,0.9999641180038452,0.06689245426761257,-0.1587354232157981,-0.11210706794545772,0.20170976079645625,-0.21462015169007453,0.003859067779211773,0.25101894282159365,-0.3805384692691624,0.09576064844926205,0.04867762061102053,0.014230282001552137,0.09454081455866503,113,157,173,2.7433787346299323,Steep (good for irons),True,146.87756241957285,Good (slight bend is normal),0.0938149398927193,170,Good (max speed near impact),85,-3,2.75,44,16,219,46,78,Good
171,0.09259173274040222,-0.11576943844556808,-0.17486485838890076,0.5165970921516418,0.2278420329093933,-0.18077856302261353,-0.051599495112895966,0.4870122969150543,0.2630403935909271,-0.36789020895957947,0.041671741753816605,0.9999038577079773,0.05186783894896507,0.01279666181653738,0.09403432905673981,0.999962329864502,0.11833951023540334,-0.10055126125613856,-0.16472879992354494,0.23789448610373923,-0.18618878154527585,-0.03922625560136071,0.2640695884114222,-0.37015877451215495,0.04446881518344442,0.05159226698534833,0.012414294516756429,0.09462190454914463,113,157,173,2.7433787346299323,Steep (good for irons),True,146.87756241957285,Good (slight bend is normal),0.0938149398927193,170,Good (max speed near impact),85,-3,2.75,44,16,219,46,78,Good
172,0.20747312903404236,-0.038438580930233,-0.19199885427951813,0.5490031838417053,0.2784922122955322,-0.1791411191225052,-0.0573822557926178,0.5165435075759888,0.2777293026447296,-0.3633062243461609,-0.005132536869496107,0.9999130368232727,0.05571892112493515,0.010222861543297768,0.09477279335260391,0.9999628067016602,0.1824132950000821,-0.046485902741551434,-0.19742755840222054,0.2702940801779431,-0.17035616366636197,-0.062380854572568666,0.2765968640645347,-0.36176481984910536,-0.00025327006975809675,0.05548835705433577,0.010626953982171564,0.09462489081280578,113,157,173,2.7433787346299323,Steep (good for irons),True,146.87756241957285,Good (slight bend is normal),0.0938149398927193,170,Good (max speed near impact),85,-3,2.75,44,16,219,46,78,Good
173,0.22105322778224945,-0.028823837637901306,-0.19058120250701904,0.5835124850273132,0.28928688168525696,-0.17495059967041016,-0.05252085626125336,0.547595739364624,0.28648507595062256,-0.35911399126052856,-0.00017367233522236347,0.999921441078186,0.05813296139240265,0.009232667274773121,0.09509775787591934,0.9999637603759766,0.2297969524349487,-0.022951301985553348,-0.18018111657528663,0.2842911652156287,-0.17664401304154181,-0.05113663666305092,0.28343326421011084,-0.3603636267639344,-0.01751500171875316,0.058371578121469175,0.009584231612583007,0.09490108880258749,113,157,173,2.7433787346299323,Steep (good for irons),True,146.87756241957285,Good (slight bend is normal),0.0938149398927193,170,Good (max speed near impact),85,-3,2.75,44,16,219,46,78,Good
174,0.2773449420928955,0.01575433276593685,-0.1660642921924591,0.6207709312438965,0.2906750440597534,-0.17253072559833527,-0.05434355139732361,0.5868426561355591,0.2859112620353699,-0.35587161779403687,-0.06499560922384262,0.9999290108680725,0.06178450956940651,0.008685335516929626,0.09496059268712997,0.9999656677246094,0.27114632299968194,0.010631334125286065,-0.1700772841771445,0.29526828300385266,-0.17202374551977442,-0.05660571583679748,0.2869953200930643,-0.35591908579780973,-0.054452035310013,0.06148452223056843,0.008500767095635341,0.09505933310304376,113,157,173,2.7433787346299323,Steep (good for irons),True,146.87756241957285,Good (slight bend is normal),0.0938149398927193,170,Good (max speed near impact),85,-3,2.75,44,16,219,46,78,Good
175,0.282449871301651,0.021422313526272774,-0.1442941576242447,0.6537156105041504,0.29180601239204407,-0.169927179813385,-0.0543350875377655,0.6217881441116333,0.2854783833026886,-0.3539283871650696,-0.07720392197370529,0.9999358057975769,0.06381437927484512,0.008153609931468964,0.0949234664440155,0.9999673366546631,0.28329632182916026,0.026271795499182904,-0.1675123011782057,0.2955110952967691,-0.16325024196079813,-0.07397869300274627,0.28916800022125266,-0.3483884717736928,-0.08903982307362776,0.06409186905338655,0.008127861634074229,0.0949879732160342,113,157,173,2.7433787346299323,Steep (good for irons),True,146.87756241957285,Good (slight bend is normal),0.0938149398927193,170,Good (max speed near impact),85,-3,2.75,44,16,219,46,78,Good
176,0.29555362462997437,0.05166720598936081,-0.17599086463451385,0.6842875480651855,0.2979589104652405,-0.14910419285297394,-0.11024317145347595,0.6549411416053772,0.2852904498577118,-0.3377682566642761,-0.1377684623003006,0.9999417662620544,0.06673727184534073,0.005918686743825674,0.09482243657112122,0.9999659657478333,0.29687509650275845,0.048469646257304044,-0.16235934765565976,0.29572718625976946,-0.15401331228869314,-0.09235849586271111,0.28455225768543446,-0.3409551410447986,-0.1241258997248398,0.06638437882065779,0.006418830371417465,0.09487736792791464,113,157,173,2.7433787346299323,Steep (good for irons),True,146.87756241957285,Good (slight bend is normal),0.0938149398927193,170,Good (max speed near impact),85,-3,2.75,44,16,219,46,78,Good
177,0.29612860083580017,0.05691896006464958,-0.17715933918952942,0.7116594910621643,0.29715901613235474,-0.14383095502853394,-0.11624889075756073,0.6842604875564575,0.28461816906929016,-0.3312489092350006,-0.1438942849636078,0.9999470710754395,0.06831677258014679,0.004715112037956715,0.09466126561164856,0.999964714050293,0.2962179212343127,0.06198748901841191,-0.16948125954894805,0.29343794357208997,-0.1467635070993788,-0.1120919319135803,0.276492829124133,-0.3347022987547378,-0.14720731725295394,0.06856765456142884,0.0025453378135959328,0.094465478190354,113,157,173,2.7433787346299323,Steep (good for irons),True,146.87756241957285,Good (slight bend is normal),0.0938149398927193,170,Good (max speed near impact),85,-3,2.75,44,16,219,46,78,Good
178,0.3009584844112396,0.08197012543678284,-0.13192781805992126,0.736756443977356,0.28553304076194763,-0.1445535570383072,-0.10292906314134598,0.7090511918067932,0.2554410398006439,-0.3338281512260437,-0.15455719828605652,0.9999516010284424,0.06990672647953033,-0.002294038189575076,0.09407324343919754,0.9999624490737915,0.3002643060116543,0.07689231509963676,-0.14637160966438917,0.28811391052745655,-0.14313643745013657,-0.11501145930517295,0.2618944446245831,-0.3313903283505215,-0.16185021187577942,0.07041680777356743,-0.0019425261388754573,0.09386046159835096,113,157,173,2.7433787346299323,Steep (good for irons),True,146.87756241957285,Good (slight bend is normal),0.0938149398927193,170,Good (max speed near impact),85,-3,2.75,44,16,219,46,78,Good
179,0.29938650131225586,0.08233828097581863,-0.13196232914924622,0.7587305307388306,0.2796410620212555,-0.14667512476444244,-0.1112268939614296,0.7299362421035767,0.24655090272426605,-0.3331274688243866,-0.17131783068180084,0.9999556541442871,0.07234182208776474,-0.007721870671957731,0.09287335723638535,0.9999588131904602,0.3056238364605679,0.08639551042800865,-0.09170777368403624,0.2832901250748409,-0.14467488371190582,-0.09238578840380629,0.2490352378005075,-0.332798344748361,-0.1552448052735557,0.07236071427663172,-0.005043508994969587,0.09324078900473465,113,157,173,2.7433787346299323,Steep (good for irons),True,146.87756241957285,Good (slight bend is normal),0.0938149398927193,170,Good (max speed near impact),85,-3,2.75,44,16,219,46,78,Good
180,0.311107873916626,0.08914627879858017,-0.012580947950482368,0.7779282927513123,0.2759295701980591,-0.14573749899864197,-0.06342195719480515,0.7503199577331543,0.2273160219192505,-0.33449843525886536,-0.1427171677350998,0.9999595284461975,0.07153011858463287,-0.0073869358748197556,0.09284859150648117,0.9999595284461975,0.30826471816925793,0.09328062699309425,-0.04847894511407333,0.275787814032464,-0.14415250079972414,-0.07494586566463118,0.22994360753468124,-0.33290997289475965,-0.15225736300150566,0.07365501796205844,-0.007916894752443553,0.09273811678091692,113,157,173,2.7433787346299323,Steep (good for irons),True,146.87756241957285,Good (slight bend is normal),0.0938149398927193,170,Good (max speed near impact),85,-3,2.75,44,16,219,46,78,Good
181,0.3146671652793884,0.08709576725959778,0.00922597199678421,0.796951413154602,0.27359652519226074,-0.14685845375061035,-0.04122135788202286,0.7695879340171814,0.22109051048755646,-0.3364008665084839,-0.13068383932113647,0.999963104724884,0.07085955142974854,-0.007008868735283613,0.09290844947099686,0.9999604225158691,0.30277269227164155,0.07158966420129656,-0.004628818482160571,0.2639367261103223,-0.15139958120527733,-0.052753865242093134,0.2019680376563755,-0.33803014528183734,-0.14394287516673415,0.06596101128629281,-0.009685934454734844,0.09302521106742684,113,157,173,2.7433787346299323,Steep (good for irons),True,146.87756241957285,Good (slight bend is normal),0.0938149398927193,170,Good (max speed near impact),85,-3,2.75,44,16,219,46,78,Good
182,0.29564157128334045,0.05873522162437439,-0.00837201252579689,0.7922452092170715,0.24675963819026947,-0.1520797461271286,-0.044258613139390945,0.7677504420280457,0.1696019172668457,-0.3402496874332428,-0.13546377420425415,0.9999662637710571,0.059746626764535904,-0.012471946887671947,0.09332610666751862,0.9999630451202393,0.3045547122047063,0.048323978004711055,0.030521064908021995,0.2510398576656979,-0.15809187718800147,-0.022958570847376486,0.17723617880117337,-0.3463102252710436,-0.11615844514398356,0.05497840100101066,-0.011047413838761202,0.09364940758262369,113,157,173,2.7433787346299323,Steep (good for irons),True,146.87756241957285,Good (slight bend is normal),0.0938149398927193,170,Good (max speed near impact),85,-3,2.75,44,16,219,46,78,Good
183,0.2930305004119873,-0.004993402399122715,0.06349612772464752,0.7909736633300781,0.2309742122888565,-0.17819972336292267,0.003077360102906823,0.7628743648529053,0.1370687037706375,-0.3636426627635956,-0.09794995933771133,0.999968945980072,0.032745104283094406,-0.013783188536763191,0.09500302374362946,0.9999646544456482,0.31235655858403183,0.044294733243684006,0.03485229309825673,0.2431397289037706,-0.15641445347241004,-0.00409949385738444,0.16144691052890972,-0.35294216303598336,-0.08800446046959792,0.04545261373832116,-0.012555020794804615,0.09415280464149664,113,157,173,2.7433787346299323,Steep (good for irons),True,146.87756241957285,Good (slight bend is normal),0.0938149398927193,170,Good (max speed near impact),85,-3,2.75,44,16,219,46,78,Good
184,0.33013716340065,0.030835404992103577,0.04726313054561615,0.7977434396743774,0.2347097098827362,-0.16051943600177765,0.02730388380587101,0.7451161742210388,0.16389457881450653,-0.3636579215526581,-0.02988056093454361,0.9999714493751526,0.03697171062231064,-0.012368927709758282,0.09468027949333191,0.9999627470970154,0.319031996386392,0.020368686123263282,0.0451527402869293,0.22929530271462048,-0.1664434252750307,0.014703246077433948,0.1451729167075385,-0.364718005770729,-0.05505249263452636,0.033713881990739304,-0.013131150221895614,0.09488094349702206,113,157,173,2.7433787346299323,Steep (good for irons),True,146.87756241957285,Good (slight bend is normal),0.0938149398927193,170,Good (max speed near impact),85,-3,2.75,44,16,219,46,78,Good
185,0.32249507308006287,0.04211284592747688,0.05237867683172226,0.7697733640670776,0.22777029871940613,-0.16019921004772186,0.02877763845026493,0.6972267031669617,0.14736947417259216,-0.36885419487953186,-0.0279396940022707,0.9999730587005615,0.03306487202644348,-0.011942065320909023,0.09547696262598038,0.9999611377716064,0.29880148243336474,0.0026134323949615207,0.04601724871567321,0.21664710271926169,-0.17307655442328693,0.03188307657616126,0.14328424118104444,-0.3772948866798767,-0.024742742069065585,0.028096016673814703,-0.012136401741632403,0.09637084496872772,113,157,173,2.7433787346299323,Steep (good for irons),True,146.87756241957285,Good (slight bend is normal),0.0938149398927193,170,Good (max speed near impact),85,-3,2.75,44,16,219,46,78,Good
186,0.2678345739841461,-0.10919308662414551,0.07794864475727081,0.7049506902694702,0.17597129940986633,-0.23399381339550018,0.047707635909318924,0.6433101296424866,0.11041134595870972,-0.40196359157562256,-0.010029160417616367,0.9999730587005615,0.011866949498653412,-0.011975530534982681,0.09765481948852539,0.9999629855155945,0.26177696245057264,-0.07990894883516295,0.09961383186635522,0.1820150039025717,-0.2225833904175533,0.05981917969793796,0.12118599976279915,-0.3964998580160598,-0.0020714026565353096,0.01777435661781403,-0.011963008503828738,0.09796084215243664,113,157,173,2.7433787346299323,Steep (good for irons),True,146.87756241957285,Good (slight bend is normal),0.0938149398927193,170,Good (max speed near impact),85,-3,2.75,44,16,219,46,78,Good
187,0.18276788294315338,-0.15737152099609375,0.13408057391643524,0.637593150138855,0.15061672031879425,-0.261610746383667,0.08313939720392227,0.5846186280250549,0.10155931860208511,-0.4176732897758484,0.008244686760008335,0.9999711513519287,0.009395968168973923,-0.012252278625965118,0.1001339703798294,0.9999643564224243,0.22335858714012888,-0.22020524048379506,0.20768071604626534,0.13796466872805652,-0.3063115725914639,0.10121766841482556,0.07741504783431695,-0.4236807383242111,0.014919261093295767,-0.0026484385487579184,-0.012737673929049865,0.09890003218537292,113,157,173,2.7433787346299323,Steep (good for irons),True,146.87756241957285,Good (slight bend is normal),0.0938149398927193,170,Good (max speed near impact),85,-3,2.75,44,16,219,46,78,Good
188,0.20328840613365173,-0.4174017310142517,0.3805166482925415,0.5756292343139648,0.08007125556468964,-0.4345691204071045,0.1645677387714386,0.532540500164032,0.02256651781499386,-0.4579821527004242,0.04318656399846077,0.9999644160270691,-0.029300160706043243,-0.013979638926684856,0.0986601784825325,0.9999629259109497,0.1962966301611493,-0.3634012117981913,0.2859190879833133,0.10165392536492582,-0.3950780452716921,0.13302962694849296,0.04015970362039906,-0.453436449879692,0.02855132861683768,-0.02109713142826445,-0.013609461397642192,0.09793896086159214,113,157,173,2.7433787346299323,Steep (good for irons),True,146.87756241957285,Good (slight bend is normal),0.0938149398927193,170,Good (max speed near impact),85,-3,2.75,44,16,219,46,78,Good
189,0.21165962517261505,-0.463763952255249,0.36442631483078003,0.5204086303710938,0.08110029995441437,-0.4617157280445099,0.1593565195798874,0.4877157509326935,0.0033960328437387943,-0.47202396392822266,0.04547160863876343,0.9999561905860901,-0.038951680064201355,-0.014625460840761662,0.09504348784685135,0.999961793422699,0.1879898586443494,-0.4429239630699161,0.34809428834844225,0.07647587660522694,-0.44808058369727394,0.15871516153925952,0.012269841374031143,-0.47241778884615254,0.04228485309119738,-0.03335417150741534,-0.014349479006514674,0.09547294924656557,113,157,173,2.7433787346299323,Steep (good for irons),True,146.87756241957285,Good (slight bend is normal),0.0938149398927193,170,Good (max speed near impact),85,-3,2.75,44,16,219,46,78,Good
190,0.17888624966144562,-0.4817418158054352,0.24197472631931305,0.4720623791217804,0.07525335252285004,-0.47740787267684937,0.1199258491396904,0.46419090032577515,0.003786885878071189,-0.49070531129837036,0.027854805812239647,0.9999486207962036,-0.03740706294775009,-0.014485268853604794,0.09206394851207733,0.9999622702598572,0.19208573869296497,-0.4832359822023486,0.2958924606708546,0.06452114418858579,-0.4793931274187001,0.13929259298103208,-0.006273034056426873,-0.4845305723803388,0.050300180557228305,-0.04282928506533308,-0.014625008528431266,0.09295005741573523,113,157,173,2.7433787346299323,Steep (good for irons),True,146.87756241957285,Good (slight bend is normal),0.0938149398927193,170,Good (max speed near impact),85,-3,2.75,44,16,219,46,78,Good
191,0.1812634915113449,-0.437114953994751,0.25268489122390747,0.4255041778087616,0.057100918143987656,-0.4495551884174347,0.12933634221553802,0.4198653995990753,-0.0039001477416604757,-0.48109573125839233,0.06719107180833817,0.9999234080314636,-0.04107286036014557,-0.014411743730306625,0.09158509969711304,0.999960720539093,0.18669527272383385,-0.4580074122973854,0.17465772666037094,0.07297224498220857,-0.4658911526203159,0.09192068475697729,-0.0026014928173806002,-0.48512990134102996,0.04781237333303409,-0.04161149476255692,-0.014352013312634977,0.0917823133724077,113,157,173,2.7433787346299323,Steep (good for irons),True,146.87756241957285,Good (slight bend is normal),0.0938149398927193,170,Good (max speed near impact),85,-3,2.75,44,16,219,46,78,Good
192,0.1916516274213791,-0.45243948698043823,-0.00982424896210432,0.3865871727466583,0.08243332803249359,-0.47984498739242554,0.015725359320640564,0.4046268165111542,-0.0018095980631187558,-0.4839494228363037,0.05146658048033714,0.9999206066131592,-0.045616038143634796,-0.01393480971455574,0.09228240698575974,0.9999616742134094,0.18719422462440685,-0.4550359263306576,0.06622072783786631,0.07825304319461193,-0.4746536754426506,0.04521879054872056,0.000982575290392908,-0.4855399671055025,0.048681055949557434,-0.043052368398223635,-0.014065014331468523,0.09183512663557422,113,157,173,2.7433787346299323,Steep (good for irons),True,146.87756241957285,Good (slight bend is normal),0.0938149398927193,170,Good (max speed near impact),85,-3,2.75,44,16,219,46,78,Good
193,0.19761313498020172,-0.4621455669403076,0.013332348316907883,0.35214170813560486,0.09365852922201157,-0.4811228811740875,0.010547081008553505,0.3966062068939209,0.007184674497693777,-0.48448073863983154,0.04106299579143524,0.9999212026596069,-0.043061114847660065,-0.01386685948818922,0.09241388738155365,0.9999634027481079,0.1992185896351225,-0.4632853780473985,-0.01143337298362029,0.0902625691323054,-0.492178457123893,0.00911824976182765,0.005843014678075204,-0.48546258750416016,0.054961449865784,-0.04565092353593739,-0.013856878947644017,0.09314521437599552,113,157,173,2.7433787346299323,Steep (good for irons),True,146.87756241957285,Good (slight bend is normal),0.0938149398927193,170,Good (max speed near impact),85,-3,2.75,44,16,219,46,78,Good
194,0.19635622203350067,-0.4948309659957886,-0.06693623214960098,0.3345728814601898,0.08877167105674744,-0.5330334305763245,-0.015248704701662064,0.4062325656414032,0.012901564128696918,-0.49071019887924194,0.05771833285689354,0.9999251365661621,-0.04962265118956566,-0.013764040544629097,0.0923985093832016,0.9999626278877258,0.19497649300666098,-0.4884032692228048,-0.05214886460453277,0.08924356484342194,-0.5224189048721681,-0.012387726433752558,0.011599161357264088,-0.4895097769442062,0.057430347161633664,-0.04861928682242124,-0.013736246818942692,0.09226266294717794,113,157,173,2.7433787346299323,Steep (good for irons),True,146.87756241957285,Good (slight bend is normal),0.0938149398927193,170,Good (max speed near impact),85,-3,2.75,44,16,219,46,78,Good
195,0.1930752992630005,-0.5045377612113953,-0.03351936861872673,0.3146835267543793,0.08407527208328247,-0.5415742993354797,-0.0024490763898938894,0.4068506360054016,0.014839588664472103,-0.4924820363521576,0.07663224637508392,0.9999276995658875,-0.05160108208656311,-0.013673496432602406,0.09236675500869751,0.9999621510505676,0.17790563049770547,-0.5079586335590911,-0.03311762249185929,0.06776801984579794,-0.5448330796900254,-0.004721562078754821,0.01243283321327043,-0.4912762258734026,0.0712282327669008,-0.05306711686509,-0.013776429662747053,0.08966856272447682,113,157,173,2.7433787346299323,Steep (good for irons),True,146.87756241957285,Good (slight bend is normal),0.0938149398927193,170,Good (max speed near impact),85,-3,2.75,44,16,219,46,78,Good
196,0.1464962661266327,-0.5255616307258606,0.023205749690532684,0.2892320156097412,0.030173806473612785,-0.5639778971672058,0.013008174486458302,0.38861557841300964,0.00969288032501936,-0.4919656217098236,0.08206017315387726,0.9999265074729919,-0.058699123561382294,-0.013775921426713467,0.083330437541008,0.999963641166687,0.15953930077098677,-0.5208156080473041,0.003387074562765305,0.043602060437912066,-0.5593458272161942,0.007603084956783629,0.010243711771354797,-0.49115737846919505,0.08337592599647392,-0.05813576990649818,-0.013700555300428763,0.08563081423441575,113,157,173,2.7433787346299323,Steep (good for irons),True,146.87756241957285,Good (slight bend is normal),0.0938149398927193,170,Good (max speed near impact),85,-3,2.75,44,16,219,46,78,Good
197,0.13801725208759308,-0.5336107611656189,0.02011256478726864,0.2684018909931183,0.018654605373740196,-0.5644891858100891,0.014758633449673653,0.37913984060287476,0.005162140820175409,-0.49129819869995117,0.08518030494451523,0.9999247193336487,-0.06256324052810669,-0.01371897105127573,0.08081291615962982,0.9999650716781616,0.15050925456342254,-0.5349242233094719,0.09984591629888337,0.028922281538446764,-0.562851258686611,0.045625095599375345,0.008570966865157802,-0.4930644957792195,0.08713135788483287,-0.06062837086972741,-0.01364871065708854,0.08041951202210931,113,157,173,2.7433787346299323,Steep (good for irons),True,146.87756241957285,Good (slight bend is normal),0.0938149398927193,170,Good (max speed near impact),85,-3,2.75,44,16,219,46,78,Good
198,0.14810584485530853,-0.5346893072128296,0.15921741724014282,0.24790547788143158,0.025572050362825394,-0.5543698072433472,0.05651625618338585,0.377704918384552,0.00950696598738432,-0.49303320050239563,0.07755030691623688,0.9999261498451233,-0.06118487939238548,-0.01326854806393385,0.07650837302207947,0.9999663829803467,0.14164311367841004,-0.5466795393398833,0.09228919393249928,0.022263359121834164,-0.5650580922762557,0.03397887938522869,0.008809430169917296,-0.4974004172143486,0.07120815243217213,-0.06172864210037962,-0.013433898222588368,0.07601657261451092,113,157,173,2.7433787346299323,Steep (good for irons),True,146.87756241957285,Good (slight bend is normal),0.0938149398927193,170,Good (max speed near impact),85,-3,2.75,44,16,219,46,78,Good
199,0.1499318927526474,-0.5674822330474854,0.13052485883235931,0.24018968641757965,0.033833373337984085,-0.568963885307312,0.05397913604974747,0.4025520384311676,0.012799416668713093,-0.5072022676467896,0.05904100090265274,0.9999288320541382,-0.060664497315883636,-0.013219320215284824,0.07301843166351318,0.9999680519104004,0.133462388600622,-0.5410227434975765,0.0071233362846431295,0.02346655747706316,-0.5569888466880439,-0.010731316925514317,0.011492123051236081,-0.5020319904599875,0.04964849933804505,-0.06139825284481053,-0.013033318200281698,0.0741925913663138,113,157,173,2.7433787346299323,Steep (good for irons),True,146.87756241957285,Good (slight bend is normal),0.0938149398927193,170,Good (max speed near impact),85,-3,2.75,44,16,219,46,78,Good
200,0.10467410832643509,-0.5448851585388184,-0.21827417612075806,0.25486159324645996,0.016936030238866806,-0.5535908937454224,-0.1262912005186081,0.43828314542770386,0.014228823594748974,-0.5061792135238647,0.007874787785112858,0.9999287128448486,-0.060801174491643906,-0.012413529679179192,0.07363603264093399,0.9999645352363586,0.11134815801467222,-0.5510613010043194,-0.08483234562334566,0.01682552141331448,-0.5537891501472114,-0.059111076806272825,0.014261107049172845,-0.5050276021162672,0.02685313760524706,-0.06153956800699238,-0.012504001857624177,0.07330168393396201,113,157,173,2.7433787346299323,Steep (good for irons),True,146.87756241957285,Good (slight bend is normal),0.0938149398927193,170,Good (max speed near impact),85,-3,2.75,44,16,219,46,78,Good
201,0.07864546030759811,-0.5356888175010681,-0.21894657611846924,0.2705593407154083,-0.0002096753887599334,-0.5423224568367004,-0.12023349106311798,0.46989232301712036,0.015703003853559494,-0.5031484365463257,0.014674586243927479,0.9999309182167053,-0.06332891434431076,-0.011809540912508965,0.07418228685855865,0.9999632835388184,0.08619595567385363,-0.5638655055136912,-0.19861522529806425,0.0066531004953763635,-0.552546478453137,-0.11236751363390976,0.015625251856233403,-0.504896061761039,0.00906673477341732,-0.06257846561216177,-0.011792958403627086,0.07461248444659374,113,157,173,2.7433787346299323,Steep (good for irons),True,146.87756241957285,Good (slight bend is normal),0.0938149398927193,170,Good (max speed near impact),85,-3,2.75,44,16,219,46,78,Good
202,0.060244206339120865,-0.6225601434707642,-0.11658506840467453,0.2971445322036743,-0.0029642165172845125,-0.5631123781204224,-0.07893949002027512,0.4631422460079193,0.01694287173449993,-0.5012136101722717,0.00933170784264803,0.9999358057975769,-0.06374135613441467,-0.010980859398841858,0.07613788545131683,0.9999639987945557,0.0613018967920826,-0.6013662701561342,-0.15479339197987615,-0.003056450565401024,-0.5584376255671187,-0.09792111423753563,0.017071364846612737,-0.5015262280191698,0.008944887313104817,-0.06342636208449096,-0.01087144442967007,0.07596341059321454,113,157,173,2.7433787346299323,Steep (good for irons),True,146.87756241957285,Good (slight bend is normal),0.0938149398927193,170,Good (max speed near impact),85,-3,2.75,44,16,219,46,78,Good
203,0.05744360387325287,-0.6327309608459473,-0.09464918076992035,0.32055363059043884,-0.0012636297615244985,-0.5683751702308655,-0.06850944459438324,0.45785173773765564,0.02007913589477539,-0.4999615550041199,0.011893291026353836,0.9999398589134216,-0.06344499439001083,-0.00989705789834261,0.07781706005334854,0.9999635219573975,0.04720595479011539,-0.6484909398215162,-0.01966880829561326,-0.004733222118894839,-0.57096464861007,-0.03489644133618902,0.02009456950638977,-0.49934146659714873,0.019669810443052237,-0.06395424050944196,-0.009974627666884952,0.07636122157176341,113,157,173,2.7433787346299323,Steep (good for irons),True,146.87756241957285,Good (slight bend is normal),0.0938149398927193,170,Good (max speed near impact),85,-3,2.75,44,16,219,46,78,Good
204,0.02791392058134079,-0.7222894430160522,0.20916521549224854,0.36911219358444214,-0.00539341289550066,-0.5981391668319702,0.06503788381814957,0.49206194281578064,0.02422131784260273,-0.49950188398361206,0.03663095459342003,0.9999450445175171,-0.06318426132202148,-0.00909651629626751,0.0752735361456871,0.9999654293060303,0.03535849343807927,-0.695575600578672,0.09650391872440073,-0.0022700117426990947,-0.5913771759896056,0.01773556144464585,0.02573166911800704,-0.49951368002664515,0.024262604303658026,-0.06311504081601194,-0.0091234560435017,0.0762123869998115,113,157,173,2.7433787346299323,Steep (good for irons),True,146.87756241957285,Good (slight bend is normal),0.0938149398927193,170,Good (max speed near impact),85,-3,2.75,44,16,219,46,78,Good
205,0.02440214902162552,-0.703153669834137,0.13230730593204498,0.42638853192329407,0.0007786103524267673,-0.5980223417282104,0.039795566350221634,0.5274289846420288,0.032272934913635254,-0.4988715946674347,0.02616090513765812,0.9999500513076782,-0.06275332719087601,-0.008448386564850807,0.07521075010299683,0.9999668598175049,0.031516549620954785,-0.7202416317803524,0.18762876732008812,0.006258347276819964,-0.6100403808412103,0.06053162703201889,0.03261547340523631,-0.5023805825483235,0.028745010229093707,-0.061780392591442426,-0.008572241956634186,0.0771149506881124,113,157,173,2.7433787346299323,Steep (good for irons),True,146.87756241957285,Good (slight bend is normal),0.0938149398927193,170,Good (max speed near impact),85,-3,2.75,44,16,219,46,78,Good
206,0.01976177468895912,-0.7533308267593384,0.24130606651306152,0.4565097391605377,0.004120612051337957,-0.6348652243614197,0.09055907279253006,0.5242518782615662,0.04051164910197258,-0.5057773590087891,0.02635994553565979,0.99995356798172,-0.05963699519634247,-0.008111600764095783,0.07525467127561569,0.9999685883522034,0.01328056225819248,-0.7503381371498113,0.2329921410197305,0.00029249510373033317,-0.6266363007681715,0.08967916490066626,0.03837474320261254,-0.5035470596381599,0.028568974208264146,-0.06037927986610507,-0.008133938669094024,0.0744784186993327,113,157,173,2.7433787346299323,Steep (good for irons),True,146.87756241957285,Good (slight bend is normal),0.0938149398927193,170,Good (max speed near impact),85,-3,2.75,44,16,219,46,78,Good
207,0.013335310854017735,-0.7602707743644714,0.2377895563840866,0.4921784996986389,0.005447388626635075,-0.6378632187843323,0.09293042868375778,0.5294548869132996,0.04212707653641701,-0.5072004199028015,0.026476478204131126,0.9999570846557617,-0.0587705634534359,-0.007907001301646233,0.07521729171276093,0.9999701380729675,-0.005265430724691781,-0.7626224585941865,0.20826873467082085,-0.01458091956252854,-0.632887082440513,0.0851035095041707,0.04192781927330157,-0.5027170777320865,0.025775142368816215,-0.05925231160862109,-0.007640027795873944,0.07015971058890938,113,157,173,2.7433787346299323,Steep (good for irons),True,146.87756241957285,Good (slight bend is normal),0.0938149398927193,170,Good (max speed near impact),85,-3,2.75,44,16,219,46,78,Good
208,-0.056564997881650925,-0.7923039793968201,0.17568299174308777,0.5269773602485657,-0.05756605789065361,-0.6329125761985779,0.08606423437595367,0.5661944150924683,0.04105814918875694,-0.49642154574394226,0.026936206966638565,0.9999562501907349,-0.05898827314376831,-0.006910393014550209,0.05852890759706497,0.9999716281890869,-0.034827769600919344,-0.7849066200710484,0.20905698906807688,-0.03871027692886338,-0.6360317809241163,0.08712198106305946,0.04176897413673858,-0.500107198953629,0.0290644413658551,-0.058709844414676984,-0.006988061880249358,0.06286857844818211,113,157,173,2.7433787346299323,Steep (good for irons),True,146.87756241957285,Good (slight bend is normal),0.0938149398927193,170,Good (max speed near impact),85,-3,2.75,44,16,219,46,78,Good
209,-0.05748753249645233,-0.7875399589538574,0.18036583065986633,0.5564360022544861,-0.06314663589000702,-0.6282062530517578,0.06866613030433655,0.5981665253639221,0.03989606723189354,-0.495116263628006,0.033655181527137756,0.9999568462371826,-0.05913252383470535,-0.0061637163162231445,0.055538684129714966,0.9999725818634033,-0.06284961729709596,-0.7916491996674316,0.17424792477062784,-0.06136430267776766,-0.6311426588467194,0.07413243058891529,0.03963658178136465,-0.4960724711418155,0.033166930168157555,-0.05897117335171931,-0.006160566494578412,0.055617858788796874,113,157,173,2.7433787346299323,Steep (good for irons),True,146.87756241957285,Good (slight bend is normal),0.0938149398927193,170,Good (max speed near impact),85,-3,2.75,44,16,219,46,78,Good
210,-0.08599105477333069,-0.8040673136711121,0.1562533974647522,0.5958844423294067,-0.07632944732904434,-0.6317440271377563,0.059194233268499374,0.6310285329818726,0.035944245755672455,-0.4947487711906433,0.035010311752557755,0.9999565482139587,-0.059068020433187485,-0.005341832060366869,0.04878491163253784,0.9999726414680481,-0.08413889179272316,-0.8041056224278047,0.15023126098371697,-0.0780966139088075,-0.6320086235091804,0.060230793874888236,0.03638116598484065,-0.49402927075113606,0.033760750222773805,-0.059089590750989504,-0.005368510017260204,0.04904705268286527,113,157,173,2.7433787346299323,Steep (good for irons),True,146.87756241957285,Good (slight bend is normal),0.0938149398927193,170,Good (max speed near impact),85,-3,2.75,44,16,219,46,78,Good
211,-0.08848864585161209,-0.8079201579093933,0.138290137052536,0.6313822865486145,-0.07721289992332458,-0.6369602680206299,0.05606808885931969,0.6594117879867554,0.03360963240265846,-0.4952174723148346,0.035389550030231476,0.9999566674232483,-0.059019047766923904,-0.004755641333758831,0.04784765467047691,0.9999728202819824,-0.09016197848887678,-0.8116903844333836,0.1403743624687196,-0.08091910644656142,-0.6351907139732729,0.0467822360140937,0.03302800903717679,-0.49488822335288674,0.03029105617176921,-0.05896187343058136,-0.0048582299523765166,0.04609283751675064,113,157,173,2.7433787346299323,Steep (good for irons),True,146.87756241957285,Good (slight bend is normal),0.0938149398927193,170,Good (max speed near impact),85,-3,2.75,44,16,219,46,78,Good
212,-0.10144531726837158,-0.83214271068573,0.12029983848333359,0.6653280258178711,-0.09014344215393066,-0.6430637836456299,0.030655041337013245,0.6883832216262817,0.02755272574722767,-0.4955064058303833,0.021819021552801132,0.9999580383300781,-0.058982815593481064,-0.004526097327470779,0.041682083159685135,0.9999732375144958,-0.10131765440815979,-0.8268113363356824,0.12859758486350387,-0.08836266788698385,-0.6430585327602573,0.03866384426752729,0.02866987396209015,-0.49538446040380607,0.02688029372975942,-0.058947370698054675,-0.004502228461205963,0.04288226437001005,113,157,173,2.7433787346299323,Steep (good for irons),True,146.87756241957285,Good (slight bend is normal),0.0938149398927193,170,Good (max speed near impact),85,-3,2.75,44,16,219,46,78,Good
213,-0.10578964650630951,-0.8339061737060547,0.13161124289035797,0.6951417326927185,-0.09522886574268341,-0.6466144323348999,0.031107623130083084,0.7139541506767273,0.025108952075242996,-0.4960060715675354,0.021838773041963577,0.999959409236908,-0.058938153088092804,-0.004332864191383123,0.041011348366737366,0.9999733567237854,-0.10595872395095379,-0.8397298512004676,0.13465212072644925,-0.09428363045056667,-0.6515016527402974,0.040134430818614536,0.02340862651666007,-0.49663500133014893,0.029503552919431124,-0.05925727067958745,-0.004256830606166099,0.04248021560765451,113,157,173,2.7433787346299323,Steep (good for irons),True,146.87756241957285,Good (slight bend is normal),0.0938149398927193,170,Good (max speed near impact),85,-3,2.75,44,16,219,46,78,Good
214,-0.11366937309503555,-0.853466808795929,0.13202700018882751,0.7206329107284546,-0.10001039505004883,-0.6636003255844116,0.038169052451848984,0.7362292408943176,0.017779912799596786,-0.4979622960090637,0.03260006010532379,0.9999585151672363,-0.05973724648356438,-0.0040715960785746574,0.04118912294507027,0.9999739527702332,-0.11304817668029248,-0.8497302447046557,0.12883292954592487,-0.10175567226750518,-0.6586344866525564,0.033086652024870856,0.017846142784470616,-0.4981147306306025,0.027374354063621965,-0.05970089102075218,-0.004060164670504278,0.040735597234396737,113,157,173,2.7433787346299323,Steep (good for irons),True,146.87756241957285,Good (slight bend is normal),0.0938149398927193,170,Good (max speed near impact),85,-3,2.75,44,16,219,46,78,Good
215,-0.11606122553348541,-0.8552206754684448,0.1325336992740631,0.7430397868156433,-0.10638245940208435,-0.6641430258750916,0.040228214114904404,0.7546196579933167,0.012246787548065186,-0.5003565549850464,0.033568836748600006,0.9999573230743408,-0.06043944135308266,-0.0037898842711001635,0.041622892022132874,0.9999740123748779,-0.11755642294883738,-0.8511628281502504,0.10391375245082954,-0.10500481902133858,-0.6629721124966944,0.016741791296572925,0.014212866225058133,-0.49952077014105695,0.019917550685238993,-0.060085397391092255,-0.0038875888456546153,0.037967155465767524,113,157,173,2.7433787346299323,Steep (good for irons),True,146.87756241957285,Good (slight bend is normal),0.0938149398927193,170,Good (max speed near impact),85,-3,2.75,44,16,219,46,78,Good
216,-0.12387498468160629,-0.8489806652069092,0.053754955530166626,0.766693651676178,-0.11284801363945007,-0.6622864007949829,-0.020812340080738068,0.7757135033607483,0.010929053649306297,-0.5003721117973328,-0.001667086617089808,0.9999586939811707,-0.06036209315061569,-0.0037378398701548576,0.031531982123851776,0.9999735355377197,-0.1229158987601599,-0.852778423400153,0.07111578842713726,-0.1117975945983615,-0.6638001913116096,-0.006454960753520336,0.010791177173987749,-0.5005310007504058,0.007514290805418227,-0.060432057472921595,-0.0037220882784043063,0.03309386525125733,113,157,173,2.7433787346299323,Steep (good for irons),True,146.87756241957285,Good (slight bend is normal),0.0938149398927193,170,Good (max speed near impact),85,-3,2.75,44,16,219,46,78,Good
217,-0.1258813738822937,-0.8461117148399353,0.024575620889663696,0.7882186770439148,-0.11371008306741714,-0.6602764129638672,-0.0411146879196167,0.7947235107421875,0.011025451123714447,-0.5003515481948853,-0.01226932555437088,0.9999596476554871,-0.060352105647325516,-0.0036273670848459005,0.026314323768019676,0.9999727606773376,-0.12635158144292385,-0.8490083955583125,0.04850325799946277,-0.11951029903831945,-0.6609859523319068,-0.021930944174528136,0.009123654415210094,-0.5005009997458689,-0.002358479691403255,-0.060713374898547265,-0.0034968073457656897,0.030372967488975063,113,157,173,2.7433787346299323,Steep (good for irons),True,146.87756241957285,Good (slight bend is normal),0.0938149398927193,170,Good (max speed near impact),85,-3,2.75,44,16,219,46,78,Good
218,-0.13056613504886627,-0.8512892127037048,0.044099871069192886,0.8073789477348328,-0.13162821531295776,-0.6582260727882385,-0.028585560619831085,0.8110663294792175,0.006404439453035593,-0.5003131031990051,-0.006309283431619406,0.9999594688415527,-0.06089196354150772,-0.0032874695025384426,0.024494729936122894,0.9999713897705078,-0.12936973181508848,-0.8471122554370341,0.031082195473746195,-0.12629126012325295,-0.6585618456204737,-0.03655508550859636,0.008004018269102317,-0.49996429114114704,-0.009126666883405837,-0.060770785347336854,-0.003286291279696995,0.02380187633735617,113,157,173,2.7433787346299323,Steep (good for irons),True,146.87756241957285,Good (slight bend is normal),0.0938149398927193,170,Good (max speed near impact),85,-3,2.75,44,16,219,46,78,Good
219,-0.12933692336082458,-0.8444839119911194,0.04533359035849571,0.824643075466156,-0.13359998166561127,-0.6574838757514954,-0.024457909166812897,0.8262690305709839,0.0059286197647452354,-0.49925822019577026,-0.0032389310654252768,0.9999599456787109,-0.061111025512218475,-0.002958000870421529,0.024202430620789528,0.9999703764915466,-0.13067346172673372,-0.8471791942914333,0.030109041436974515,-0.13408667523236512,-0.6578557973816286,-0.042997610356126544,0.005188764725711999,-0.500036370186579,-0.011222605815246,-0.06136888105954448,-0.0030651681590825345,0.016790672770834406,113,157,173,2.7433787346299323,Steep (good for irons),True,146.87756241957285,Good (slight bend is normal),0.0938149398927193,170,Good (max speed near impact),85,-3,2.75,44,16,219,46,78,Good
220,-0.13164441287517548,-0.8437025547027588,0.005068878177553415,0.8406447172164917,-0.13651910424232483,-0.6509923934936523,-0.07633379101753235,0.8422941565513611,0.004274385049939156,-0.49948543310165405,-0.029212914407253265,0.9999616146087646,-0.06009255722165108,-0.0031054674182087183,-0.0011870282469317317,0.9999707341194153,-0.13168871473698399,-0.8436971562249327,0.015913740354811873,-0.13977553518045527,-0.6515190147218255,-0.0665507554298356,0.00254208739525417,-0.49955268559001775,-0.029130783419878733,-0.06036654416294329,-0.003056501592731194,0.004183340501705454,113,157,173,2.7433787346299323,Steep (good for irons),True,146.87756241957285,Good (slight bend is normal),0.0938149398927193,170,Good (max speed near impact),85,-3,2.75,44,16,219,46,78,Good
221,-0.13147205114364624,-0.8404245972633362,-0.0065838187001645565,0.8544030785560608,-0.1442389339208603,-0.6479479074478149,-0.09888626635074615,0.8561496734619141,-0.00020607057376764715,-0.49972987174987793,-0.05266609787940979,0.9999632239341736,-0.05966055393218994,-0.0032312653493136168,-0.0087433448061347,0.999971330165863,-0.13044386853774398,-0.83786975485938,-0.011590883113621255,-0.13672752039773134,-0.6402615081696288,-0.10446146946577806,0.0038752265737414214,-0.4983912777333036,-0.05955835060393885,-0.05715228031788558,-0.0034019151214687623,-0.011671984401930662,113,157,173,2.7433787346299323,Steep (good for irons),True,146.87756241957285,Good (slight bend is normal),0.0938149398927193,170,Good (max speed near impact),85,-3,2.75,44,16,219,46,78,Good
222,-0.12939468026161194,-0.8261112570762634,-0.03673837333917618,0.8677974343299866,-0.1382073163986206,-0.6214131712913513,-0.13807491958141327,0.8686015009880066,0.0036046302411705256,-0.49616751074790955,-0.09580153971910477,0.9999630451202393,-0.05212579667568207,-0.0038976569194346666,-0.026845965534448624,0.9999709725379944,-0.12867750121014468,-0.8274272538366778,-0.03864493901796997,-0.1396154889038632,-0.6266036232312525,-0.13121194002174205,0.004212930352271848,-0.49661508912131935,-0.08639540844818672,-0.05318006731214982,-0.0038695508569833808,-0.024480794051972544,113,157,173,2.7433787346299323,Steep (good for irons),True,146.87756241957285,Good (slight bend is normal),0.0938149398927193,170,Good (max speed near impact),85,-3,2.75,44,16,219,46,78,Good
223,-0.12451071292161942,-0.8188533186912537,-0.04663725942373276,0.8799260258674622,-0.13473370671272278,-0.6130015254020691,-0.14729389548301697,0.8797872066497803,0.009424231015145779,-0.4942294657230377,-0.10498397052288055,0.9999630451202393,-0.04796450957655907,-0.004493990447372198,-0.03154359385371208,0.9999709725379944,-0.1256576705546607,-0.8145221074422206,-0.053242045033368365,-0.1453811050880524,-0.6153521991911393,-0.1455279617082506,0.005711072001196004,-0.49465668769109855,-0.10142268435586074,-0.04913719495137536,-0.004295944690793046,-0.02848097155358467,113,157,173,2.7433787346299323,Steep (good for irons),True,146.87756241957285,Good (slight bend is normal),0.0938149398927193,170,Good (max speed near impact),85,-3,2.75,44,16,219,46,78,Good
224,-0.123814158141613,-0.7970117330551147,-0.042402952909469604,0.8899030089378357,-0.16424888372421265,-0.609790563583374,-0.12152478098869324,0.8884517550468445,-0.0011492434423416853,-0.49282339215278625,-0.09003709256649017,0.9999641180038452,-0.048089396208524704,-0.004489210434257984,-0.02765132673084736,0.9999720454216003,-0.12402923227775674,-0.8038567162695391,-0.017482961084516288,-0.15658726294835418,-0.6092081155095785,-0.12679581512652702,0.0004914824579221517,-0.49315168176378554,-0.09221842326223857,-0.04736634538996791,-0.004563881117584453,-0.02991424252589546,113,157,173,2.7433787346299323,Steep (good for irons),True,146.87756241957285,Good (slight bend is normal),0.0938149398927193,170,Good (max speed near impact),85,-3,2.75,44,16,219,46,78,Good
225,-0.12356684356927872,-0.797824501991272,0.016189616173505783,0.8984625935554504,-0.17223289608955383,-0.6121469140052795,-0.11640728265047073,0.8959945440292358,-0.005205988883972168,-0.49321088194847107,-0.07673988491296768,0.9999648928642273,-0.04808667674660683,-0.0046212985180318356,-0.025233320891857147,0.9999726414680481,-0.12441611999557142,-0.7978594586962751,0.044335301255896006,-0.17444008730706728,-0.6125480135281886,-0.08506539237818554,-0.012286708468482618,-0.4928107999619987,-0.06484004642282218,-0.04992456219735603,-0.004552982858426518,-0.02631537979912192,113,157,173,2.7433787346299323,Steep (good for irons),True,146.87756241957285,Good (slight bend is normal),0.0938149398927193,170,Good (max speed near impact),85,-3,2.75,44,16,219,46,78,Good
226,-0.1269223988056183,-0.7965445518493652,0.16772690415382385,0.9060199856758118,-0.19062361121177673,-0.6170682907104492,-0.012890670448541641,0.9049851894378662,-0.03200776129961014,-0.4928063154220581,-0.024917667731642723,0.9999672174453735,-0.054109103977680206,-0.0044555277563631535,-0.024622224271297455,0.9999740123748779,-0.12607983428807495,-0.7933673943792077,0.10410205558651978,-0.19000645478566502,-0.6167422078904656,-0.047025237143749316,-0.02619036829232107,-0.49279388785362277,-0.04036597472925984,-0.05368347022505038,-0.004410033069905783,-0.023503439057441,113,157,173,2.7433787346299323,Steep (good for irons),True,146.87756241957285,Good (slight bend is normal),0.0938149398927193,170,Good (max speed near impact),85,-3,2.75,44,16,219,46,78,Good
227,-0.12827885150909424,-0.7926381230354309,0.14688444137573242,0.9131906628608704,-0.20061209797859192,-0.6228013634681702,-0.01264632772654295,0.9129685163497925,-0.03892681747674942,-0.49284112453460693,-0.020420659333467484,0.9999694228172302,-0.05881161615252495,-0.004435863345861435,-0.021469781175255775,0.9999755024909973,-0.1276964321732522,-0.7934151831127354,0.15348881429859582,-0.19683038833595473,-0.6218195841425945,-0.019456216533269215,-0.03494628121899,-0.49296113706770434,-0.024472609871909752,-0.056930209554377095,-0.00447125936902705,-0.02219214272641002,113,157,173,2.7433787346299323,Steep (good for irons),True,146.87756241957285,Good (slight bend is normal),0.0938149398927193,170,Good (max speed near impact),85,-3,2.75,44,16,219,46,78,Good
228,-0.1281140297651291,-0.7866562008857727,0.1542239934206009,0.9192899465560913,-0.20062309503555298,-0.623627781867981,-0.019320638850331306,0.9205331802368164,-0.03654004633426666,-0.4930521845817566,-0.02493879571557045,0.9999712705612183,-0.05872935801744461,-0.004699563141912222,-0.021499885246157646,0.999976634979248,-0.12883181940941593,-0.7883815481549223,0.18173046729394382,-0.2025563355003086,-0.6244808946337023,-0.002214190106661547,-0.03899245655962402,-0.4930014269692561,-0.01823160859445732,-0.05905191014919966,-0.004959624903720053,-0.02172581709566572,113,157,173,2.7433787346299323,Steep (good for irons),True,146.87756241957285,Good (slight bend is normal),0.0938149398927193,170,Good (max speed near impact),85,-3,2.75,44,16,219,46,78,Good
229,-0.1293087899684906,-0.7855847477912903,0.19756357371807098,0.9250137209892273,-0.20322410762310028,-0.6259166598320007,-0.002487421967089176,0.927780270576477,-0.0353848822414875,-0.49322620034217834,-0.022330597043037415,0.9999729990959167,-0.058663927018642426,-0.005749655421823263,-0.021684205159544945,0.999977707862854,-0.13134004814284198,-0.7808948414666318,0.19092940432684774,-0.20565000815050957,-0.6234402032125568,-0.0041170198292959335,-0.03692732378840449,-0.49311558831305763,-0.02200039032669296,-0.05931859250579566,-0.005672806962614971,-0.021406956815293872,113,157,173,2.7433787346299323,Steep (good for irons),True,146.87756241957285,Good (slight bend is normal),0.0938149398927193,170,Good (max speed near impact),85,-3,2.75,44,16,219,46,78,Good
230,-0.12877202033996582,-0.7710784077644348,0.2313484251499176,0.9281579256057739,-0.20810000598430634,-0.6200921535491943,0.006576922722160816,0.9341402053833008,-0.03468839451670647,-0.4932597279548645,-0.022647924721240997,0.9999740719795227,-0.05862535163760185,-0.0071097915060818195,-0.023218026384711266,0.9999778270721436,-0.12837183333578572,-0.7728734271866939,0.22430753495012026,-0.20797619578384233,-0.6204192297799251,0.005466963874087452,-0.03528685752479806,-0.4932354305471696,-0.021832200742903225,-0.058756219666628653,-0.006766379766521004,-0.022650068004926062,113,157,173,2.7433787346299323,Steep (good for irons),True,146.87756241957285,Good (slight bend is normal),0.0938149398927193,170,Good (max speed near impact),85,-3,2.75,44,16,219,46,78,Good
231,-0.1284027099609375,-0.7635689973831177,0.24738149344921112,0.9313083291053772,-0.21270045638084412,-0.6153956651687622,0.017162172123789787,0.9399376511573792,-0.036242712289094925,-0.4932578206062317,-0.01871616765856743,0.9999753832817078,-0.05894933268427849,-0.007655646186321974,-0.023117532953619957,0.9999784827232361,-0.12026010169869387,-0.767464370954605,0.24519874936058428,-0.2094154081174307,-0.6188867943627498,0.010025477968156345,-0.03377605602145197,-0.4939522501968206,-0.024230535386041537,-0.05824939746941843,-0.008213911649017113,-0.0247650890655461,113,157,173,2.7433787346299323,Steep (good for irons),True,146.87756241957285,Good (slight bend is normal),0.0938149398927193,170,Good (max speed near impact),85,-3,2.75,44,16,219,46,78,Good
232,-0.10226835310459137,-0.7611207365989685,0.26710301637649536,0.9312074780464172,-0.20747381448745728,-0.6159732341766357,0.01595601998269558,0.944540798664093,-0.03054204396903515,-0.49385586380958557,-0.02370072528719902,0.9999761581420898,-0.05707497149705887,-0.009669121354818344,-0.027534153312444687,0.9999783039093018,-0.10787388966197067,-0.7602817927088061,0.26899221681413216,-0.20838154355684932,-0.615513540449597,0.019330121000253032,-0.031341223312275776,-0.4938447404475443,-0.021788252395622095,-0.0573037167390188,-0.009580494592054975,-0.027013177052140257,113,157,173,2.7433787346299323,Steep (good for irons),True,146.87756241957285,Good (slight bend is normal),0.0938149398927193,170,Good (max speed near impact),85,-3,2.75,44,16,219,46,78,Good
233,-0.09322704374790192,-0.7600919604301453,0.27443164587020874,0.9309979677200317,-0.20390692353248596,-0.6164577603340149,0.017239758744835854,0.9486767053604126,-0.0274764783680439,-0.49441003799438477,-0.025708544999361038,0.9999768733978271,-0.055983081459999084,-0.011170350946485996,-0.02992386929690838,0.9999780654907227,-0.0959192457653228,-0.7566050688425705,0.29145406044664857,-0.2055188445817858,-0.6117870836030874,0.030686621243755045,-0.027498980540604838,-0.4924796550046833,-0.016047101623068265,-0.05601915486511734,-0.010816525113547141,-0.0299454015635309,113,157,173,2.7433787346299323,Steep (good for irons),True,146.87756241957285,Good (slight bend is normal),0.0938149398927193,170,Good (max speed near impact),85,-3,2.75,44,16,219,46,78,Good
234,-0.08548925817012787,-0.7425718903541565,0.3403715193271637,0.9273689389228821,-0.20238472521305084,-0.603703498840332,0.06384805589914322,0.9519771337509155,-0.02564421482384205,-0.48965269327163696,0.002748167375102639,0.9999780654907227,-0.055046115070581436,-0.011565874330699444,-0.029046695679426193,0.9999783635139465,-0.08440527639218745,-0.7454859841437572,0.3206448682716917,-0.20179859797159844,-0.6061606066567562,0.05019089304620315,-0.02541384473443033,-0.49035261784281087,-0.005474388965272482,-0.055037879872889786,-0.011696604346590391,-0.029175209103240875,113,157,173,2.7433787346299323,Steep (good for irons),True,146.87756241957285,Good (slight bend is normal),0.0938149398927193,170,Good (max speed near impact),85,-3,2.75,44,16,219,46,78,Good
235,-0.08223578333854675,-0.7368373274803162,0.3358980417251587,0.9237613081932068,-0.20047727227210999,-0.598351240158081,0.06421048194169998,0.9549888372421265,-0.024085912853479385,-0.4872717559337616,0.005030934698879719,0.9999788999557495,-0.054713889956474304,-0.011988566257059574,-0.028568262234330177,0.9999785423278809,-0.08078502473377053,-0.7300712664922084,0.3471083740393323,-0.20161047932647538,-0.6005936917804541,0.07253057802362106,-0.02759911563424839,-0.4884875175498784,0.007112317164206794,-0.05520650176774892,-0.011824229820853197,-0.023866053981085635,113,157,173,2.7433787346299323,Steep (good for irons),True,146.87756241957285,Good (slight bend is normal),0.0938149398927193,170,Good (max speed near impact),85,-3,2.75,44,16,219,46,78,Good
236,-0.06960112601518631,-0.7065775990486145,0.366237610578537,0.8978778719902039,-0.19696857035160065,-0.5933961868286133,0.09302391856908798,0.9538522362709045,-0.031791698187589645,-0.48745906352996826,0.017777061089873314,0.9999794960021973,-0.055972401052713394,-0.011584228835999966,-0.014360039494931698,0.9999788999557495,-0.07236810472039955,-0.7126048405965175,0.3590621408962071,-0.19781592346373073,-0.5931533092544197,0.08589399304418344,-0.030113899104651974,-0.4875053039618904,0.015090538222076648,-0.05596555858140904,-0.011663299586091733,-0.017640276235483955,113,157,173,2.7433787346299323,Steep (good for irons),True,146.87756241957285,Good (slight bend is normal),0.0938149398927193,170,Good (max speed near impact),85,-3,2.75,44,16,219,46,78,Good
237,-0.06874699145555496,-0.7001651525497437,0.3581477105617523,0.8718892931938171,-0.19657696783542633,-0.5913613438606262,0.08712227642536163,0.9528722763061523,-0.034854456782341,-0.4888418912887573,0.014897510409355164,0.9999799132347107,-0.05747630447149277,-0.011367345228791237,-0.010523890145123005,0.9999791383743286,-0.061417536898737905,-0.7040301816804073,0.35085666179657005,-0.1894140711852484,-0.5883281883739294,0.08318334817886358,-0.031031438459952695,-0.4881829647790822,0.01449664861762099,-0.05657537849176501,-0.011572190693446576,-0.013688285702041227,113,157,173,2.7433787346299323,Steep (good for irons),True,146.87756241957285,Good (slight bend is normal),0.0938149398927193,170,Good (max speed near impact),85,-3,2.75,44,16,219,46,78,Good
238,-0.045546334236860275,-0.689895749092102,0.33259862661361694,0.8613777160644531,-0.17607232928276062,-0.5750500559806824,0.07436857372522354,0.9529587626457214,-0.02977207861840725,-0.48868951201438904,0.011988800019025803,0.9999805688858032,-0.058000002056360245,-0.01139330118894577,-0.01275304239243269,0.9999791979789734,-0.050196221719185544,-0.6895519438244053,0.3428663412729902,-0.17966092484337953,-0.5778421504156934,0.07934668660163885,-0.031281301396943295,-0.4887269054140367,0.01406225309308087,-0.058022902480193594,-0.011387076716692684,-0.011627030248443294,113,157,173,2.7433787346299323,Steep (good for irons),True,146.87756241957285,Good (slight bend is normal),0.0938149398927193,170,Good (max speed near impact),85,-3,2.75,44,16,219,46,78,Good
239,-0.04001351073384285,-0.690287709236145,0.3288399875164032,0.851917028427124,-0.1672641783952713,-0.569587230682373,0.06778024882078171,0.9538355469703674,-0.02754407376050949,-0.48874524235725403,0.011368393898010254,0.999981164932251,-0.05842171609401703,-0.011416302062571049,-0.015089432708919048,0.9999791383743286,-0.046655259139481084,-0.6868897988682706,0.3572090048165551,-0.1786531841471083,-0.5689731013207213,0.07948686005104161,-0.03221565751092777,-0.4890834646565577,0.011384384750965103,-0.060185590315432816,-0.011332329096538689,-0.01336831131595232,113,157,173,2.7433787346299323,Steep (good for irons),True,146.87756241957285,Good (slight bend is normal),0.0938149398927193,170,Good (max speed near impact),85,-3,2.75,44,16,219,46,78,Good
240,-0.03905739635229111,-0.6457968354225159,0.3227662742137909,0.8251821398735046,-0.16752178966999054,-0.5458616614341736,0.06781832873821259,0.9478631019592285,-0.0326525904238224,-0.4878440201282501,0.011074884794652462,0.9999811053276062,-0.06370009481906891,-0.010751724243164062,-0.010885708034038544,0.999979555606842,-0.03764784992450762,-0.6534366380600707,0.3048182796864285,-0.16411717484394722,-0.5493101349898751,0.06213083969695232,-0.03145265632442068,-0.48799958967027246,0.011019972374751462,-0.06282785375203409,-0.010806291896317695,-0.01173770827950822,113,157,173,2.7433787346299323,Steep (good for irons),True,146.87756241957285,Good (slight bend is normal),0.0938149398927193,170,Good (max speed near impact),85,-3,2.75,44,16,219,46,78,Good
241,-0.0393853485584259,-0.6374226212501526,0.32256948947906494,0.8021654486656189,-0.16759514808654785,-0.5387138724327087,0.06891026347875595,0.9430533647537231,-0.035524722188711166,-0.4872250556945801,0.011351839639246464,0.999981164932251,-0.06624844670295715,-0.010178553871810436,-0.00869215838611126,0.9999800324440002,-0.02425876392849856,-0.6009515779359005,0.23790539428591745,-0.13961126194113788,-0.5239097646304542,0.04055298146392621,-0.028645916531483354,-0.48561149693670763,0.011116103402205885,-0.06547185636702044,-0.009812762162515101,-0.006236664219094179,113,157,173,2.7433787346299323,Steep (good for irons),True,146.87756241957285,Good (slight bend is normal),0.0938149398927193,170,Good (max speed near impact),85,-3,2.75,44,16,219,46,78,Good
242,0.003424357622861862,-0.5105459094047546,0.021178297698497772,0.744705080986023,-0.08963815122842789,-0.4837895333766937,-0.029795560985803604,0.8741210103034973,-0.01919093169271946,-0.4814739227294922,0.011041357181966305,0.9999731183052063,-0.0672423243522644,-0.008137297816574574,0.002173969754949212,0.9999803900718689,-0.00129451673655283,-0.535049208572933,0.11460855745133908,-0.10763934538477951,-0.49310032810483695,-0.0010624847241810405,-0.022330755633967282,-0.48244574382191646,0.010040273845550568,-0.06736859395390471,-0.008335832284674764,0.0012339823990173294,113,157,173,2.7433787346299323,Steep (good for irons),True,146.87756241957285,Good (slight bend is normal),0.0938149398927193,170,Good (max speed near impact),85,-3,2.75,44,16,219,46,78,Good
243,0.02596898563206196,-0.48283255100250244,0.05583612993359566,0.6867130994796753,-0.0696626603603363,-0.46456074714660645,-0.02520088665187359,0.8094224333763123,-0.01182762160897255,-0.4777725338935852,0.010860812850296497,0.9999662637710571,-0.0676555410027504,-0.006878091022372246,0.008456466719508171,0.9999805688858032,0.01630044391467459,-0.4961739906242919,0.032035578574453105,-0.08533768675157008,-0.47008987835475413,-0.028567125665999615,-0.016529952220263947,-0.4781591338770734,0.01517492514990626,-0.06842888785260069,-0.0067521517741538275,0.00879358449241236,113,157,173,2.7433787346299323,Steep (good for irons),True,146.87756241957285,Good (slight bend is normal),0.0938149398927193,170,Good (max speed near impact),85,-3,2.75,44,16,219,46,78,Good
244,0.03444873169064522,-0.45980048179626465,-0.09276416152715683,0.6430032849311829,-0.07146251946687698,-0.44957152009010315,-0.08105161041021347,0.7922717928886414,-0.008370434865355492,-0.4754079580307007,0.01071608904749155,0.9999518394470215,-0.06835821270942688,-0.005306290462613106,0.0117307985201478,0.9999803900718689,0.03143540024757388,-0.4804372688134515,-0.04836208550702961,-0.069249981216022,-0.4542724504357296,-0.06906914427166898,-0.008818285805838455,-0.4744516355650769,0.012223849871328909,-0.068696545348281,-0.005521609824860383,0.010666938642749483,113,157,173,2.7433787346299323,Steep (good for irons),True,146.87756241957285,Good (slight bend is normal),0.0938149398927193,170,Good (max speed near impact),85,-3,2.75,44,16,219,46,78,Good
245,0.0184291023761034,-0.49776777625083923,0.022114228457212448,0.607214093208313,-0.08650611340999603,-0.44909632205963135,-0.04963041469454765,0.7550293207168579,-0.008742822334170341,-0.47060391306877136,0.021177899092435837,0.999950110912323,-0.06935560703277588,-0.004794958047568798,0.010302072390913963,0.9999812245368958,0.03318178644847304,-0.45155933499336276,-0.07088903905380345,-0.062383709830187664,-0.4339335589181812,-0.09551624199819003,0.0011884920476447976,-0.4722480021771934,0.003696814489861333,-0.06736570259644876,-0.005089620571760908,0.005385390238925109,113,157,173,2.7433787346299323,Steep (good for irons),True,146.87756241957285,Good (slight bend is normal),0.0938149398927193,170,Good (max speed near impact),85,-3,2.75,44,16,219,46,78,Good
246,0.04097908362746239,-0.44811496138572693,-0.16144540905952454,0.549340009689331,-0.04470571503043175,-0.4259556829929352,-0.15968835353851318,0.6966493129730225,0.015734996646642685,-0.4710780382156372,-0.018331807106733322,0.9999130368232727,-0.06479866802692413,-0.005215033423155546,-0.007720119785517454,0.9999815225601196,0.029108332026572474,-0.4145314409619289,-0.10479213261888148,-0.051840515541178876,-0.4145384586992721,-0.12095389178111449,0.012095603471000999,-0.470677828504926,-0.0034414744004607227,-0.06559491725195027,-0.005008551269947066,-0.0035537449155180253,113,157,173,2.7433787346299323,Steep (good for irons),True,146.87756241957285,Good (slight bend is normal),0.0938149398927193,170,Good (max speed near impact),85,-3,2.75,44,16,219,46,78,Good
247,0.029683632776141167,-0.3070800304412842,-0.1159917488694191,0.49644774198532104,-0.025420987978577614,-0.37051475048065186,-0.1360846608877182,0.6383546590805054,0.03192496672272682,-0.4689179062843323,-0.017015490680933,0.9998998045921326,-0.06078650429844856,-0.005464203655719757,-0.014296510256826878,0.9999811053276062,0.02929025675569264,-0.39071251948674546,-0.07831194553346867,-0.04354942226338957,-0.4059465669450309,-0.12097564073545601,0.02376999466546946,-0.468593674046653,-0.011646071360224778,-0.06242236707891741,-0.005248284388688352,-0.01278626173734666,113,157,173,2.7433787346299323,Steep (good for irons),True,146.87756241957285,Good (slight bend is normal),0.0938149398927193,170,Good (max speed near impact),85,-3,2.75,44,16,219,46,78,Good
248,0.022431116551160812,-0.39888349175453186,-0.05230572819709778,0.4804685115814209,-0.04923446848988533,-0.4109400808811188,-0.10513856261968613,0.6656603217124939,0.028351590037345886,-0.46652939915657043,-0.007814433425664902,0.9999054074287415,-0.060296133160591125,-0.005281453020870686,-0.019391342997550964,0.9999822974205017,0.03442787574160669,-0.38245843279929415,-0.08783718482369474,-0.04132915465604694,-0.40118564878191293,-0.12721083206789843,0.035346471837588746,-0.4652471244335178,-0.019504671827668248,-0.05792444323500002,-0.00542792662357291,-0.019826818900626344,113,157,173,2.7433787346299323,Steep (good for irons),True,146.87756241957285,Good (slight bend is normal),0.0938149398927193,170,Good (max speed near impact),85,-3,2.75,44,16,219,46,78,Good
249,0.04147829860448837,-0.43555906414985657,-0.01981506496667862,0.44060125946998596,-0.05930871516466141,-0.42323094606399536,-0.10012297332286835,0.6308805346488953,0.03941443935036659,-0.46035489439964294,-0.022046947851777077,0.9999006390571594,-0.05380101874470711,-0.005443837959319353,-0.02163669466972351,0.9999819397926331,0.034585323805610364,-0.40896811513673725,-0.09214160059179585,-0.05320609316584614,-0.40498268888110234,-0.12634341028474635,0.040699526490200165,-0.46054177341007085,-0.02031335004028821,-0.054015335582551546,-0.005492995182673141,-0.02283956438657785,113,157,173,2.7433787346299323,Steep (good for irons),True,146.87756241957285,Good (slight bend is normal),0.0938149398927193,170,Good (max speed near impact),85,-3,2.75,44,16,219,46,78,Good
250,0.04198798909783363,-0.45348379015922546,-0.1287361979484558,0.4312630891799927,-0.06078479811549187,-0.40396934747695923,-0.14411130547523499,0.6184974312782288,0.048790059983730316,-0.45483165979385376,-0.0277288518846035,0.99990314245224,-0.04897904023528099,-0.005559089593589306,-0.025849157944321632,0.9999815225601196,0.03840442711398717,-0.45809942909649476,-0.0762137671311697,-0.06323400157548137,-0.4134291353679842,-0.12462349085225954,0.04447927609795619,-0.45643000233741066,-0.025257229272808365,-0.050493405688376694,-0.00551070980284186,-0.025603885895439576,113,157,173,2.7433787346299323,Steep (good for irons),True,146.87756241957285,Good (slight bend is normal),0.0938149398927193,170,Good (max speed near impact),85,-3,2.75,44,16,219,46,78,Good
251,0.03652351349592209,-0.46282631158828735,-0.12558668851852417,0.4372982680797577,-0.06428328156471252,-0.4028692841529846,-0.1469632089138031,0.6162881255149841,0.04764123633503914,-0.453837126493454,-0.03000766597688198,0.999907374382019,-0.047903336584568024,-0.005582207348197699,-0.028143705800175667,0.9999809861183167,0.03921656541171531,-0.47252411076000794,-0.029219627735160673,-0.06549029797315603,-0.40651063124338815,-0.10807017959831734,0.048035382160118684,-0.45350856298492104,-0.0281871297352371,-0.04765964068827179,-0.005531008399668198,-0.02722067226256645,113,157,173,2.7433787346299323,Steep (good for irons),True,146.87756241957285,Good (slight bend is normal),0.0938149398927193,170,Good (max speed near impact),85,-3,2.75,44,16,219,46,78,Good
252,0.03361709788441658,-0.4941379129886627,0.15408605337142944,0.40853768587112427,-0.06882501393556595,-0.40783873200416565,-0.03645765408873558,0.6122033596038818,0.045644767582416534,-0.4526911973953247,-0.022706925868988037,0.9999106526374817,-0.0472041554749012,-0.005253194365650415,-0.02757471241056919,0.9999806880950928,0.03438292115571955,-0.48842572598230305,0.06335503288677764,-0.0680640955411253,-0.40438759610766484,-0.06843528634912915,0.04675201681398213,-0.4522455831368768,-0.023636465537406167,-0.04689427039452965,-0.0053046972136057595,-0.027913606947376633,113,157,173,2.7433787346299323,Steep (good for irons),True,146.87756241957285,Good (slight bend is normal),0.0938149398927193,170,Good (max speed near impact),85,-3,2.75,44,16,219,46,78,Good
253,0.03210560232400894,-0.5047574639320374,0.18212483823299408,0.38278287649154663,-0.07123400270938873,-0.40884095430374146,-0.013411126099526882,0.6102631688117981,0.04396940767765045,-0.45188483595848083,-0.016780463978648186,0.9999136328697205,-0.04682287573814392,-0.005010263994336128,-0.027125025168061256,0.9999804496765137,0.03185605160182432,-0.5037101847784864,0.18006176253159856,-0.07075303580079764,-0.40995583647773404,-0.01719261045079857,0.04414646150100802,-0.45180235448337774,-0.01703335052090033,-0.046761053658667104,-0.004851678308720393,-0.027357217013126347,113,157,173,2.7433787346299323,Steep (good for irons),True,146.87756241957285,Good (slight bend is normal),0.0938149398927193,170,Good (max speed near impact),85,-3,2.75,44,16,219,46,78,Good
254,0.030818356201052666,-0.5128453373908997,0.23907263576984406,0.35586249828338623,-0.07275240123271942,-0.41427287459373474,0.013496189378201962,0.6075643301010132,0.042401477694511414,-0.4509887993335724,-0.010795986279845238,0.9999168515205383,-0.0464247465133667,-0.004298689309507608,-0.026708759367465973,0.999980092048645,0.030889777555352188,-0.5141758677505315,0.24449745104426449,-0.07272586332900188,-0.41496723606472957,0.015184781602805581,0.04232293970528106,-0.45134521949858925,-0.011203480529643248,-0.04648686821262045,-0.004363968890781207,-0.026737648195454072,113,157,173,2.7433787346299323,Steep (good for irons),True,146.87756241957285,Good (slight bend is normal),0.0938149398927193,170,Good (max speed near impact),85,-3,2.75,44,16,219,46,78,Good
255,0.030257737264037132,-0.5176985263824463,0.2290075123310089,0.33084553480148315,-0.07376348227262497,-0.4206289052963257,0.014046011492609978,0.6020321249961853,0.04106530919671059,-0.45138224959373474,-0.007396051660180092,0.9999188184738159,-0.0463080033659935,-0.0038071039598435163,-0.026424994692206383,0.9999796748161316,0.030068285674566333,-0.5162817041079207,0.22669741014639555,-0.07506588881924045,-0.4202835276013332,0.015449885345463255,0.039992552782808055,-0.45184134869348463,-0.007927620162566507,-0.046858752412455455,-0.003963470536594592,-0.026122181631979505,113,157,173,2.7433787346299323,Steep (good for irons),True,146.87756241957285,Good (slight bend is normal),0.0938149398927193,170,Good (max speed near impact),85,-3,2.75,44,16,219,46,78,Good
256,0.029371315613389015,-0.5159474015235901,0.2101319283246994,0.3162165582180023,-0.07742972671985626,-0.42401981353759766,0.009434583596885204,0.5987721085548401,0.03876357525587082,-0.4517095983028412,-0.008766904473304749,0.9999210238456726,-0.04611367732286453,-0.003773830132558942,-0.02654111757874489,0.9999793171882629,0.029321836396342255,-0.5170644777161738,0.21366806328296678,-0.07756898623137252,-0.4236170223781044,0.00976828738514867,0.03906327965004106,-0.45154430043129723,-0.008219549255002118,-0.046099643089941605,-0.003687789586062235,-0.02642046030433407,113,157,173,2.7433787346299323,Steep (good for irons),True,146.87756241957285,Good (slight bend is normal),0.0938149398927193,170,Good (max speed near impact),85,-3,2.75,44,16,219,46,78,Good
257,0.028570707887411118,-0.5157817006111145,0.17484170198440552,0.3065372109413147,-0.0811031237244606,-0.42612719535827637,-0.0038702846504747868,0.6044506430625916,0.03808973357081413,-0.45190131664276123,-0.009882032871246338,0.9999244213104248,-0.0458405464887619,-0.0036341724917292595,-0.026415450498461723,0.9999791383743286,0.028603858358803275,-0.5198095242182417,0.196498130403814,-0.0795232582659949,-0.42743231143270255,-0.0025690472684800634,0.03771003105101134,-0.4513501808756877,-0.010664741375616626,-0.04519037387910346,-0.003719491063661521,-0.02794751791017398,113,157,173,2.7433787346299323,Steep (good for irons),True,146.87756241957285,Good (slight bend is normal),0.0938149398927193,170,Good (max speed near impact),85,-3,2.75,44,16,219,46,78,Good
258,0.028151463717222214,-0.5140359997749329,0.15018093585968018,0.30298954248428345,-0.08020741492509842,-0.4187156856060028,-0.03373489901423454,0.6064923405647278,0.044745881110429764,-0.446586936712265,-0.01862166076898575,0.9999252557754517,-0.03946736082434654,-0.003639441914856434,-0.030690206214785576,0.9999780058860779,0.0281564138297524,-0.5123306512832646,0.13558739317314975,-0.08002921477669767,-0.41833468278249136,-0.032823909872344584,0.046262366253705285,-0.446763702801296,-0.017399099256311154,-0.03941247594498455,-0.0036202252931183316,-0.029975363629914487,113,157,173,2.7433787346299323,Steep (good for irons),True,146.87756241957285,Good (slight bend is normal),0.0938149398927193,170,Good (max speed near impact),85,-3,2.75,44,16,219,46,78,Good
259,0.027754785493016243,-0.5126441121101379,0.10525024682283401,0.2983281910419464,-0.07933522760868073,-0.41700080037117004,-0.05596573278307915,0.606297492980957,0.04972483590245247,-0.4440979063510895,-0.02355915866792202,0.9999240636825562,-0.03581255301833153,-0.0037073770072311163,-0.03297383710741997,0.9999767541885376,0.028288029666457878,-0.4985463775339585,0.047606705554894074,-0.07887394868192224,-0.4034600513322016,-0.07491706690884067,0.058426761201449844,-0.44047005261693717,-0.027064274020847844,-0.03179792625208698,-0.003392388090668692,-0.03208981676115878,113,157,173,2.7433787346299323,Steep (good for irons),True,146.87756241957285,Good (slight bend is normal),0.0938149398927193,170,Good (max speed near impact),85,-3,2.75,44,16,219,46,78,Good
260,0.028425730764865875,-0.46985477209091187,-0.10803181678056717,0.33700233697891235,-0.07867380976676941,-0.3737840950489044,-0.13584771752357483,0.6082675457000732,0.0816708505153656,-0.42959874868392944,-0.04040985554456711,0.9999222755432129,-0.01944218948483467,-0.002877795835956931,-0.033088598400354385,0.9999717473983765,0.028187456230322542,-0.4825940415972758,-0.0466127285645122,-0.07973486752737141,-0.3889754286834175,-0.11830622166217801,0.06878222152590757,-0.43431848855245714,-0.03848390795645262,-0.025060654041313007,-0.0031632981373972855,-0.03361016911055363,113,157,173,2.7433787346299323,Steep (good for irons),True,146.87756241957285,Good (slight bend is normal),0.0938149398927193,170,Good (max speed near impact),85,-3,2.75,44,16,219,46,78,Good
261,0.028302090242505074,-0.4659363329410553,-0.13361585140228271,0.36556434631347656,-0.08212607353925705,-0.3784516751766205,-0.15659485757350922,0.6094400882720947,0.07388577610254288,-0.43061333894729614,-0.04917793348431587,0.9999218583106995,-0.02128986082971096,-0.0029206646140664816,-0.03386184573173523,0.9999707937240601,0.028835254676994847,-0.4707471032937371,-0.12493076601198749,-0.08496729994104028,-0.3821415106455488,-0.15177783636110181,0.07380081730939099,-0.43060928866976816,-0.048073315992951435,-0.02162101767247633,-0.0029938350586841524,-0.03376808283584461,113,157,173,2.7433787346299323,Steep (good for irons),True,146.87756241957285,Good (slight bend is normal),0.0938149398927193,170,Good (max speed near impact),85,-3,2.75,44,16,219,46,78,Good
262,0.025786902755498886,-0.4678193926811218,-0.15334033966064453,0.4062359631061554,-0.09355457872152328,-0.38352009654045105,-0.1681310087442398,0.6179134845733643,0.0690058171749115,-0.4300265610218048,-0.055199772119522095,0.9999205470085144,-0.022776294499635696,-0.0029658833518624306,-0.033676594495773315,0.9999692440032959,0.02594874510985047,-0.46386421436355263,-0.1670966840216093,-0.092436279924143,-0.37817761301994346,-0.1721324839052701,0.0736847558901424,-0.4288362917445958,-0.05493582057810969,-0.02079781756869386,-0.002875197556845491,-0.03369426567639626,113,157,173,2.7433787346299323,Steep (good for irons),True,146.87756241957285,Good (slight bend is normal),0.0938149398927193,170,Good (max speed near impact),85,-3,2.75,44,16,219,46,78,Good
263,0.024029236286878586,-0.46999698877334595,-0.15335533022880554,0.4361102879047394,-0.10206599533557892,-0.38758623600006104,-0.1698620319366455,0.6224805116653442,0.06700430065393448,-0.4304041564464569,-0.056414853781461716,0.9999195337295532,-0.023742973804473877,-0.003015595255419612,-0.0335451178252697,0.999968945980072,0.019379803057139135,-0.4655052537009833,-0.1523017471744902,-0.09964098320120865,-0.38125019697915963,-0.16800965368747722,0.06675905326292633,-0.4302007499195284,-0.05532346701338182,-0.02365942175189656,-0.0029276827948966216,-0.03355649929671063,113,157,173,2.7433787346299323,Steep (good for irons),True,146.87756241957285,Good (slight bend is normal),0.0938149398927193,170,Good (max speed near impact),85,-3,2.75,44,16,219,46,78,Good
264,0.008449611254036427,-0.46088072657585144,-0.16233746707439423,0.482552170753479,-0.10386419296264648,-0.37217244505882263,-0.1713576465845108,0.6443673372268677,0.06606946140527725,-0.42979124188423157,-0.05552119016647339,0.9999240636825562,-0.024015208706259727,-0.00276311207562685,-0.03333539515733719,0.9999688267707825,0.011444991368556492,-0.4630543007737118,-0.15738486746946984,-0.10401132064206267,-0.37710296256201636,-0.16938551196030222,0.0648261051447619,-0.4300951319081446,-0.05557770530382796,-0.024608451606971896,-0.0028530938794747726,-0.033230698002236256,113,157,173,2.7433787346299323,Steep (good for irons),True,146.87756241957285,Good (slight bend is normal),0.0938149398927193,170,Good (max speed near impact),85,-3,2.75,44,16,219,46,78,Good
265,0.0023445431143045425,-0.45805272459983826,-0.15389372408390045,0.5192974805831909,-0.10390806943178177,-0.37150314450263977,-0.16528043150901794,0.6616007685661316,0.06238628551363945,-0.43035146594047546,-0.05348885804414749,0.9999274015426636,-0.025811994448304176,-0.0027537818532437086,-0.03296133503317833,0.9999690055847168,0.004957169802981388,-0.4601541317644577,-0.17920595691317615,-0.10454592498995016,-0.3730040079071411,-0.17990641650699446,0.06317192528929033,-0.4303166454746613,-0.05773461982607846,-0.02539491821967422,-0.0027279916241587645,-0.03320517621579627,113,157,173,2.7433787346299323,Steep (good for irons),True,146.87756241957285,Good (slight bend is normal),0.0938149398927193,170,Good (max speed near impact),85,-3,2.75,44,16,219,46,78,Good
266,0.0008681562030687928,-0.45941346883773804,-0.20784127712249756,0.5598788857460022,-0.10363437980413437,-0.3716505169868469,-0.19584693014621735,0.6820104718208313,0.061508070677518845,-0.4306085407733917,-0.06230880320072174,0.9999310374259949,-0.0262615829706192,-0.0026347741950303316,-0.03324681147933006,0.9999691843986511,2.6899048992033345e-05,-0.45835919607253334,-0.20391013721625026,-0.10365935344071624,-0.3710593680540723,-0.19304163753986373,0.061680984461591405,-0.43050444693792467,-0.06119852513074879,-0.0261256979512317,-0.0026078288820350474,-0.0333337024563835,113,157,173,2.7433787346299323,Steep (good for irons),True,146.87756241957285,Good (slight bend is normal),0.0938149398927193,170,Good (max speed near impact),85,-3,2.75,44,16,219,46,78,Good
267,0.00020306641818024218,-0.4600744843482971,-0.24554376304149628,0.5947065949440002,-0.10298536717891693,-0.3745948374271393,-0.21600332856178284,0.6982108950614929,0.0606258250772953,-0.43087664246559143,-0.06755432486534119,0.999933660030365,-0.026596348732709885,-0.002501859562471509,-0.03379417583346367,0.9999697208404541,-0.002180805514355946,-0.45942747309094417,-0.21808765615735753,-0.10306186228990563,-0.37364805454299593,-0.2023732782829377,0.060455330780574294,-0.43087862644876784,-0.06445803528740297,-0.026835191994905493,-0.002561837046717606,-0.03356278989286652,113,157,173,2.7433787346299323,Steep (good for irons),True,146.87756241957285,Good (slight bend is normal),0.0938149398927193,170,Good (max speed near impact),85,-3,2.75,44,16,219,46,78,Good
268,-0.005329528357833624,-0.45973655581474304,-0.21251001954078674,0.6276877522468567,-0.1024642139673233,-0.37493932247161865,-0.2017448991537094,0.7165876626968384,0.060218751430511475,-0.4309993386268616,-0.06524147093296051,0.9999375939369202,-0.027258403599262238,-0.0024982821196317673,-0.03378928825259209,0.9999701976776123,-0.004817064771140441,-0.46010091475078074,-0.22201203093642297,-0.10268088784955803,-0.3750165488038747,-0.20572034730797736,0.05994125118567834,-0.4310688702833088,-0.0661505388007278,-0.02731191233864854,-0.002498399965198978,-0.033786788050617515,113,157,173,2.7433787346299323,Steep (good for irons),True,146.87756241957285,Good (slight bend is normal),0.0938149398927193,170,Good (max speed near impact),85,-3,2.75,44,16,219,46,78,Good
269,-0.008950176648795605,-0.46048614382743835,-0.19361639022827148,0.6553560495376587,-0.10240404307842255,-0.37602880597114563,-0.1921701282262802,0.7314031720161438,0.059092260897159576,-0.43129923939704895,-0.0633549839258194,0.9999409317970276,-0.027988186106085777,-0.002482926705852151,-0.03376840427517891,0.9999707937240601,-0.006470206594150075,-0.4602440666584745,-0.2107022802035015,-0.1023001975956418,-0.3761273849578134,-0.19982898235321062,0.05947957879730638,-0.4312558174133304,-0.06457801979212538,-0.02766815803590277,-0.002426768409176953,-0.03388567694595884,113,157,173,2.7433787346299323,Steep (good for irons),True,146.87756241957285,Good (slight bend is normal),0.0938149398927193,170,Good (max speed near impact),85,-3,2.75,44,16,219,46,78,Good
270,-0.008132987655699253,-0.46064987778663635,-0.18946437537670135,0.6781391501426697,-0.10219898819923401,-0.3766723573207855,-0.18868590891361237,0.7385969161987305,0.058738239109516144,-0.4313511252403259,-0.06202616170048714,0.9999430775642395,-0.028562726452946663,-0.0023483391851186752,-0.03373783454298973,0.9999712109565735,-0.008508576803641133,-0.46068420154707806,-0.1815715048994338,-0.10199485080582762,-0.37666766842206345,-0.18676059657619126,0.05896804144694696,-0.4313325044654668,-0.06186190957114814,-0.02837329207076915,-0.0023427479346061052,-0.0337577279479731,113,157,173,2.7433787346299323,Steep (good for irons),True,146.87756241957285,Good (slight bend is normal),0.0938149398927193,170,Good (max speed near impact),85,-3,2.75,44,16,219,46,78,Good
271,-0.007557290140539408,-0.4617425203323364,-0.17220395803451538,0.6942877173423767,-0.10148563981056213,-0.37746596336364746,-0.18208269774913788,0.7429018616676331,0.05851992964744568,-0.4313902258872986,-0.05950600653886795,0.9999450445175171,-0.02880740724503994,-0.002186034806072712,-0.03370460867881775,0.9999715089797974,-0.00851390029614171,-0.4603172810304736,-0.15456159670083308,-0.10071837724674323,-0.37684648093723144,-0.17513660022190652,0.059844202938534014,-0.4309562316962654,-0.05974152311682705,-0.029032928425641306,-0.0022303100143160155,-0.03388016032321115,113,157,173,2.7433787346299323,Steep (good for irons),True,146.87756241957285,Good (slight bend is normal),0.0938149398927193,170,Good (max speed near impact),85,-3,2.75,44,16,219,46,78,Good
272,-0.015675488859415054,-0.46361014246940613,-0.08998691290616989,0.6945140361785889,-0.10132381319999695,-0.37803900241851807,-0.14696566760540009,0.738743245601654,0.0563688687980175,-0.4312044084072113,-0.05375782772898674,0.9999450445175171,-0.03175043314695358,-0.002146106446161866,-0.0329725407063961,0.9999715685844421,-0.014967945360002075,-0.46450082177207613,-0.10204102165464851,-0.1015694031403179,-0.3777614973840262,-0.14976854764279876,0.055447950160929176,-0.43110355592909344,-0.05280852699208831,-0.03176949962618807,-0.002135166842933923,-0.03303427781377523,113,157,173,2.7433787346299323,Steep (good for irons),True,146.87756241957285,Good (slight bend is normal),0.0938149398927193,170,Good (max speed near impact),85,-3,2.75,44,16,219,46,78,Good
273,-0.020358392968773842,-0.4667220115661621,-0.06228719279170036,0.6909722685813904,-0.10111624747514725,-0.3786996901035309,-0.1292354166507721,0.7337732911109924,0.05351157858967781,-0.43123501539230347,-0.047069109976291656,0.9999449849128723,-0.03435366228222847,-0.0020919416565448046,-0.03239388391375542,0.9999716281890869,-0.028136359771624937,-0.46935605293228544,-0.06706626438314012,-0.10454794445208149,-0.37951574013346745,-0.12877655614699646,0.04786067083477978,-0.4322954018910729,-0.04479240457571691,-0.036068681006630285,-0.0020926464570774936,-0.031085668929985613,113,157,173,2.7433787346299323,Steep (good for irons),True,146.87756241957285,Good (slight bend is normal),0.0938149398927193,170,Good (max speed near impact),85,-3,2.75,44,16,219,46,78,Good
274,-0.047113317996263504,-0.4866231083869934,0.010483692400157452,0.685482919216156,-0.11104140430688858,-0.3855303227901459,-0.08567328751087189,0.7417553663253784,0.03046395443379879,-0.4352940022945404,-0.02873166836798191,0.9999476075172424,-0.04317402467131615,-0.0020802239887416363,-0.027809716761112213,0.9999725818634033,-0.04139521092708624,-0.4836108982563022,-0.00706638621964625,-0.1082180660395396,-0.3862189011914392,-0.0973899507274231,0.03641037039813544,-0.4351556130817961,-0.03327153130833595,-0.04138371703170597,-0.0020868449826680494,-0.02869816009132637,113,157,173,2.7433787346299323,Steep (good for irons),True,146.87756241957285,Good (slight bend is normal),0.0938149398927193,170,Good (max speed near impact),85,-3,2.75,44,16,219,46,78,Good
275,-0.0553671158850193,-0.4911938011646271,-0.0218515545129776,0.6836059093475342,-0.11341682076454163,-0.3924129605293274,-0.09513309597969055,0.7439373731613159,0.025893118232488632,-0.43917226791381836,-0.026169974356889725,0.9999496340751648,-0.04664691910147667,-0.002085968153551221,-0.025392375886440277,0.9999731779098511,-0.04981562575059281,-0.4965930538518092,0.03611510628390882,-0.11186159650484728,-0.3946382729780109,-0.06979346718816534,0.024413912191188776,-0.4392593815213161,-0.020868550853005492,-0.0469638960702079,-0.00207912853165042,-0.0258310086847771,113,157,173,2.7433787346299323,Steep (good for irons),True,146.87756241957285,Good (slight bend is normal),0.0938149398927193,170,Good (max speed near impact),85,-3,2.75,44,16,219,46,78,Good
276,-0.050442639738321304,-0.524742841720581,0.14606204628944397,0.6788276433944702,-0.1134038046002388,-0.40938764810562134,-0.02522476576268673,0.7609010338783264,0.013133283704519272,-0.44420868158340454,-0.00837793480604887,0.9999521970748901,-0.050908803939819336,-0.002087664557620883,-0.024233484640717506,0.9999743103981018,-0.05399620444292118,-0.5156396570659822,0.09799226874574317,-0.11534161014216295,-0.4047243311291652,-0.04212082008875555,0.013260073932109498,-0.443599207060678,-0.010226823345181494,-0.0514041918019454,-0.0020559312820079795,-0.02335684134491854,113,157,173,2.7433787346299323,Steep (good for irons),True,146.87756241957285,Good (slight bend is normal),0.0938149398927193,170,Good (max speed near impact),85,-3,2.75,44,16,219,46,78,Good
277,-0.04904332756996155,-0.5198008418083191,0.11479039490222931,0.6876541972160339,-0.11656021326780319,-0.4110696315765381,-0.02657051384449005,0.7753468155860901,0.008262340910732746,-0.4473463296890259,-0.004624650813639164,0.9999548196792603,-0.054763250052928925,-0.0020672627724707127,-0.021466536447405815,0.9999752640724182,-0.051065569832211485,-0.5327729852426624,0.13452841988986455,-0.1165804068247478,-0.41406007749693763,-0.027963045274927524,0.008090057088771752,-0.4474045066606434,-0.007083399354347166,-0.053300572470540125,-0.0020438390673093868,-0.02231064101769812,113,157,173,2.7433787346299323,Steep (good for irons),True,146.87756241957285,Good (slight bend is normal),0.0938149398927193,170,Good (max speed near impact),85,-3,2.75,44,16,219,46,78,Good
278,-0.05181580036878586,-0.5552232265472412,0.1826898753643036,0.6610100865364075,-0.12093861401081085,-0.42111238837242126,-0.01957181841135025,0.7861382961273193,0.0013635606737807393,-0.4500550925731659,-0.007586749270558357,0.9999563694000244,-0.05431672930717468,-0.002066404791548848,-0.021595418453216553,0.999975860118866,-0.05044763304647949,-0.545608812854404,0.16046896080176049,-0.12025758659555807,-0.4206119208108814,-0.02000108724903494,0.003217083063819226,-0.45047686355454614,-0.009735894034661005,-0.05476650506967594,-0.002116045537626461,-0.02168217390066103,113,157,173,2.7433787346299323,Steep (good for irons),True,146.87756241957285,Good (slight bend is normal),0.0938149398927193,170,Good (max speed near impact),85,-3,2.75,44,16,219,46,78,Good
279,-0.05085570737719536,-0.551414966583252,0.11316240578889847,0.6437304019927979,-0.12261129170656204,-0.42496344447135925,-0.03976114094257355,0.7916942834854126,0.0034317881800234318,-0.4532831311225891,-0.021733518689870834,0.9999567270278931,-0.05454977601766586,-0.0023072417825460434,-0.021860918030142784,0.9999762177467346,-0.052119653494585166,-0.5475770632425948,0.12385317488085665,-0.12457236221858442,-0.4227933741751174,-0.03776449763349127,0.0018333397816777952,-0.4526605010032657,-0.020318700665874156,-0.055443229952028855,-0.0023602567990088762,-0.021365581346409677,113,157,173,2.7433787346299323,Steep (good for irons),True,146.87756241957285,Good (slight bend is normal),0.0938149398927193,170,Good (max speed near impact),85,-3,2.75,44,16,219,46,78,Good
280,-0.05445940047502518,-0.542374849319458,0.1019563227891922,0.6536226868629456,-0.12989449501037598,-0.4231472909450531,-0.0504426434636116,0.7963069677352905,0.000986532075330615,-0.45414525270462036,-0.032828208059072495,0.9999586343765259,-0.056312981992959976,-0.0027469084598124027,-0.021428080275654793,0.9999767541885376,-0.053143906806196524,-0.547352044355302,0.09247221540482278,-0.12771029273668935,-0.4241466380300979,-0.05351832083293374,0.0011764323072774078,-0.4543894330660505,-0.03068656385654497,-0.0559718672718321,-0.0027642733350928357,-0.021438681476172963,113,157,173,2.7433787346299323,Steep (good for irons),True,146.87756241957285,Good (slight bend is normal),0.0938149398927193,170,Good (max speed near impact),85,-3,2.75,44,16,219,46,78,Good
281,-0.05333820357918739,-0.5375189185142517,0.03222798556089401,0.6621270775794983,-0.12962563335895538,-0.421956866979599,-0.07585293054580688,0.7969217300415039,0.0013620828976854682,-0.4554327726364136,-0.03904048353433609,0.9999600052833557,-0.057185087352991104,-0.00330334366299212,-0.021003473550081253,0.999977171421051,-0.05326638353012861,-0.5381569663683576,0.0463213059341624,-0.12947189985286633,-0.4224641195365364,-0.0707082833562579,0.0014308970975911344,-0.4555227671350755,-0.0385161563754082,-0.05700584820338662,-0.0032520642215829545,-0.021089188399769025,113,157,173,2.7433787346299323,Steep (good for irons),True,146.87756241957285,Good (slight bend is normal),0.0938149398927193,170,Good (max speed near impact),85,-3,2.75,44,16,219,46,78,Good
282,-0.05269387364387512,-0.5344242453575134,0.024014202877879143,0.6677764654159546,-0.1295040100812912,-0.4209727644920349,-0.08109055459499359,0.7994990348815918,0.001114821177907288,-0.4561167061328888,-0.04108559712767601,0.9999613165855408,-0.0576731376349926,-0.003700834698975086,-0.020716635510325432,0.9999774098396301,-0.053376224956342186,-0.5342071794328239,0.026771580711716716,-0.13020317540282306,-0.4209649747326264,-0.08071320255597439,0.0008956185054211396,-0.4560344389506752,-0.0419163097228323,-0.05768788322096783,-0.0036774743348360088,-0.020714845863126587,113,157,173,2.7433787346299323,Steep (good for irons),True,146.87756241957285,Good (slight bend is normal),0.0938149398927193,170,Good (max speed near impact),85,-3,2.75,44,16,219,46,78,Good
283,-0.0528997965157032,-0.5325875282287598,0.017325764521956444,0.6708918809890747,-0.12948715686798096,-0.420294851064682,-0.08587214350700378,0.8008119463920593,0.0009371681371703744,-0.45647841691970825,-0.04339568316936493,0.9999624490737915,-0.057816971093416214,-0.00400466239079833,-0.020486844703555107,0.9999775886535645,-0.052690844805467735,-0.5325808439935961,0.013261991952146812,-0.12951837409110306,-0.4203899147964662,-0.08668801756132223,0.0011295655553805696,-0.4564277302651181,-0.04337866852680845,-0.057818624767519214,-0.003979965013318831,-0.02051733176977863,113,157,173,2.7433787346299323,Steep (good for irons),True,146.87756241957285,Good (slight bend is normal),0.0938149398927193,170,Good (max speed near impact),85,-3,2.75,44,16,219,46,78,Good
284,-0.05266396328806877,-0.5318458676338196,0.017378194257616997,0.6700058579444885,-0.12963934242725372,-0.4201110005378723,-0.08652598410844803,0.8009356260299683,0.0012368041789159179,-0.45639875531196594,-0.044070519506931305,0.9999632239341736,-0.05777814984321594,-0.0041597094386816025,-0.020436052232980728,0.9999776482582092,-0.05262498646264988,-0.5318406479699275,0.016997099987098162,-0.12974393580641075,-0.4200734254859746,-0.08661955559537529,0.0011295747854525142,-0.4564481306643717,-0.043992035623107675,-0.057816684068668495,-0.004178058045605821,-0.020426976450142423,113,157,173,2.7433787346299323,Steep (good for irons),True,146.87756241957285,Good (slight bend is normal),0.0938149398927193,170,Good (max speed near impact),85,-3,2.75,44,16,219,46,78,Good
285,-0.05252153426408768,-0.5315449237823486,0.017448732629418373,0.6681501865386963,-0.13015852868556976,-0.41995158791542053,-0.08719533681869507,0.8003748655319214,0.0012988491216674447,-0.4563133120536804,-0.04460141062736511,0.9999637603759766,-0.05772630497813225,-0.004316144157201052,-0.02040857821702957,0.9999775886535645,-0.05360768770887742,-0.5321509980020073,0.018494277360982143,-0.13059582100028094,-0.41991805320694364,-0.08752740671237316,0.000876278649749501,-0.4563361448901044,-0.045742181262799705,-0.05774301450167388,-0.004349693079434693,-0.02033769294974351,113,157,173,2.7433787346299323,Steep (good for irons),True,146.87756241957285,Good (slight bend is normal),0.0938149398927193,170,Good (max speed near impact),85,-3,2.75,44,16,219,46,78,Good
286,-0.0522991344332695,-0.5319887399673462,0.018125206232070923,0.6626526713371277,-0.13047392666339874,-0.41990455985069275,-0.08730769157409668,0.7998793125152588,0.001479392172768712,-0.45620355010032654,-0.04451185464859009,0.9999639987945557,-0.05767180770635605,-0.004490641411393881,-0.020420033484697342,0.9999775290489197,-0.052238599885077744,-0.5317793034371879,0.018395318034371107,-0.1304601069007602,-0.4198427413191117,-0.0877996810844967,0.0013997311471030125,-0.4562021266846433,-0.044765985615196714,-0.05767520126842321,-0.004487484671352878,-0.020399279715049852,113,157,173,2.7433787346299323,Steep (good for irons),True,146.87756241957285,Good (slight bend is normal),0.0938149398927193,170,Good (max speed near impact),85,-3,2.75,44,16,219,46,78,Good
287,-0.052176814526319504,-0.5316316485404968,0.017658749595284462,0.6541797518730164,-0.13070470094680786,-0.4197159707546234,-0.08928249031305313,0.7956588268280029,0.0017055682837963104,-0.4561130702495575,-0.04567741975188255,0.9999639391899109,-0.05761050060391426,-0.004635663703083992,-0.020430728793144226,0.9999773502349854,-0.0484103956038044,-0.5298794224148708,0.012135443111349438,-0.12907111715702793,-0.41975526014963815,-0.08864192983933863,0.003126208919898742,-0.4561332450026561,-0.04144026853498961,-0.05762034654617314,-0.004598068982540145,-0.020622849375719128,113,157,173,2.7433787346299323,Steep (good for irons),True,146.87756241957285,Good (slight bend is normal),0.0938149398927193,170,Good (max speed near impact),85,-3,2.75,44,16,219,46,78,Good
288,-0.04075498506426811,-0.5262300968170166,0.0018534216796979308,0.6743825078010559,-0.12542231380939484,-0.4197811484336853,-0.08928833156824112,0.7978084683418274,0.006342918612062931,-0.4561445116996765,-0.03408321365714073,0.9999650716781616,-0.05755835771560669,-0.004645434208214283,-0.02111222967505455,0.9999784231185913,-0.04287888925699963,-0.5266846361614412,0.001552125111976196,-0.12631008561168408,-0.4197491066796442,-0.09000870514483685,0.006048909233262146,-0.4561415300482799,-0.036829094092051214,-0.05753794099603385,-0.0046597083453976005,-0.02104418715905577,113,157,173,2.7433787346299323,Steep (good for irons),True,146.87756241957285,Good (slight bend is normal),0.0938149398927193,170,Good (max speed near impact),85,-3,2.75,44,16,219,46,78,Good
289,-0.03586534410715103,-0.5223340392112732,-0.012868511490523815,0.6940063834190369,-0.12252263724803925,-0.419863224029541,-0.09096308052539825,0.8009650111198425,0.009926363825798035,-0.45620572566986084,-0.030420050024986267,0.9999662041664124,-0.05745992064476013,-0.004657132551074028,-0.021631179377436638,0.9999794363975525,-0.03716446494772324,-0.5232154074169344,-0.008199449750550453,-0.1226638580362003,-0.41991009882518254,-0.09093254982005988,0.009297269640401722,-0.45623666757629067,-0.03180603363684248,-0.057442083245232034,-0.004667600151151422,-0.021598679412688542,113,157,173,2.7433787346299323,Steep (good for irons),True,146.87756241957285,Good (slight bend is normal),0.0938149398927193,170,Good (max speed near impact),85,-3,2.75,44,16,219,46,78,Good
290,-0.0333884097635746,-0.5206059217453003,-0.01618850789964199,0.7100415825843811,-0.11929085105657578,-0.4202440083026886,-0.09224816411733627,0.8037705421447754,0.012212242931127548,-0.4564206600189209,-0.028995025902986526,0.9999670386314392,-0.05731479823589325,-0.00465353112667799,-0.022188005968928337,0.9999803304672241,-0.03307848175366722,-0.5209763220378334,-0.01375002768223308,-0.11915747856809988,-0.42036135139919495,-0.09108652635699233,0.011937376200443231,-0.456417921043578,-0.02767400922519822,-0.057346618423859325,-0.004638656774269686,-0.022203021017568467,113,157,173,2.7433787346299323,Steep (good for irons),True,146.87756241957285,Good (slight bend is normal),0.0938149398927193,170,Good (max speed near impact),85,-3,2.75,44,16,219,46,78,Good
291,-0.03255036845803261,-0.5208607912063599,-0.009983308613300323,0.7204345464706421,-0.11689285188913345,-0.42087724804878235,-0.09029291570186615,0.807098925113678,0.012821068055927753,-0.4565991163253784,-0.026537079364061356,0.9999674558639526,-0.05727073922753334,-0.004610585514456034,-0.022618044167757034,0.9999810457229614,-0.032473077554078356,-0.5207552540869944,-0.012822223062227888,-0.11724584194875907,-0.42087209792364244,-0.09102663646141695,0.012942529150417883,-0.45660061211813097,-0.026746832189105826,-0.057271837478592325,-0.004611254758423286,-0.022617200566899226,113,157,173,2.7433787346299323,Steep (good for irons),True,146.87756241957285,Good (slight bend is normal),0.0938149398927193,170,Good (max speed near impact),85,-3,2.75,44,16,219,46,78,Good
292,-0.03252364695072174,-0.5216653347015381,-0.008562871254980564,0.7262341976165771,-0.11592061817646027,-0.4215259850025177,-0.09024391323328018,0.808853030204773,0.013096989132463932,-0.45679527521133423,-0.025551434606313705,0.9999673962593079,-0.05723736807703972,-0.004565790761262178,-0.0229768268764019,0.999981701374054,-0.03233656233974867,-0.5212204342796694,-0.009648026188924207,-0.11605109735613786,-0.4213158502465206,-0.09047574337039682,0.013193726539611827,-0.45674186093466657,-0.02586131134913083,-0.05723676866009125,-0.004582424382013938,-0.02288978573467052,113,157,173,2.7433787346299323,Steep (good for irons),True,146.87756241957285,Good (slight bend is normal),0.0938149398927193,170,Good (max speed near impact),85,-3,2.75,44,16,219,46,78,Good
